indicator,sex,age_days,l,m,s
lhfa,male,0,1,49.8842,0.03795
lhfa,male,1,1,50.0601,0.03785
lhfa,male,2,1,50.2359,0.03775
lhfa,male,3,1,50.4118,0.03764
lhfa,male,4,1,50.5876,0.03754
lhfa,male,5,1,50.7635,0.03744
lhfa,male,6,1,50.9393,0.03734
lhfa,male,7,1,51.1152,0.03723
lhfa,male,8,1,51.291,0.03713
lhfa,male,9,1,51.4669,0.03703
lhfa,male,10,1,51.6427,0.03693
lhfa,male,11,1,51.8186,0.03682
lhfa,male,12,1,51.9944,0.03672
lhfa,male,13,1,52.1702,0.03662
lhfa,male,14,1,52.3461,0.03652
lhfa,male,15,1,52.4978,0.03645
lhfa,male,16,1,52.6488,0.03639
lhfa,male,17,1,52.799,0.03633
lhfa,male,18,1,52.9483,0.03627
lhfa,male,19,1,53.0967,0.03621
lhfa,male,20,1,53.2441,0.03615
lhfa,male,21,1,53.3905,0.03609
lhfa,male,22,1,53.536,0.03603
lhfa,male,23,1,53.6805,0.03597
lhfa,male,24,1,53.8239,0.03592
lhfa,male,25,1,53.9664,0.03586
lhfa,male,26,1,54.1079,0.03581
lhfa,male,27,1,54.2485,0.03575
lhfa,male,28,1,54.3881,0.0357
lhfa,male,29,1,54.5268,0.03565
lhfa,male,30,1,54.6645,0.03559
lhfa,male,31,1,54.8012,0.03554
lhfa,male,32,1,54.9368,0.03549
lhfa,male,33,1,55.0714,0.03544
lhfa,male,34,1,55.2049,0.03539
lhfa,male,35,1,55.3374,0.03534
lhfa,male,36,1,55.4688,0.03529
lhfa,male,37,1,55.5992,0.03524
lhfa,male,38,1,55.7285,0.0352
lhfa,male,39,1,55.8568,0.03515
lhfa,male,40,1,55.9841,0.0351
lhfa,male,41,1,56.1104,0.03506
lhfa,male,42,1,56.2357,0.03501
lhfa,male,43,1,56.3599,0.03496
lhfa,male,44,1,56.4833,0.03492
lhfa,male,45,1,56.6056,0.03488
lhfa,male,46,1,56.7269,0.03483
lhfa,male,47,1,56.8472,0.03479
lhfa,male,48,1,56.9666,0.03475
lhfa,male,49,1,57.0851,0.0347
lhfa,male,50,1,57.2026,0.03466
lhfa,male,51,1,57.3192,0.03462
lhfa,male,52,1,57.4349,0.03458
lhfa,male,53,1,57.5497,0.03454
lhfa,male,54,1,57.6637,0.0345
lhfa,male,55,1,57.7767,0.03446
lhfa,male,56,1,57.8889,0.03442
lhfa,male,57,1,58.0003,0.03438
lhfa,male,58,1,58.1109,0.03434
lhfa,male,59,1,58.2207,0.03431
lhfa,male,60,1,58.3299,0.03427
lhfa,male,61,1,58.4384,0.03423
lhfa,male,62,1,58.5463,0.0342
lhfa,male,63,1,58.6536,0.03416
lhfa,male,64,1,58.7603,0.03412
lhfa,male,65,1,58.8664,0.03409
lhfa,male,66,1,58.9718,0.03405
lhfa,male,67,1,59.0766,0.03402
lhfa,male,68,1,59.1808,0.03398
lhfa,male,69,1,59.2843,0.03395
lhfa,male,70,1,59.3872,0.03392
lhfa,male,71,1,59.4894,0.03388
lhfa,male,72,1,59.591,0.03385
lhfa,male,73,1,59.692,0.03382
lhfa,male,74,1,59.7923,0.03379
lhfa,male,75,1,59.892,0.03375
lhfa,male,76,1,59.991,0.03372
lhfa,male,77,1,60.0894,0.03369
lhfa,male,78,1,60.1872,0.03366
lhfa,male,79,1,60.2843,0.03363
lhfa,male,80,1,60.3808,0.0336
lhfa,male,81,1,60.4767,0.03357
lhfa,male,82,1,60.5719,0.03354
lhfa,male,83,1,60.6665,0.03351
lhfa,male,84,1,60.7605,0.03348
lhfa,male,85,1,60.8539,0.03345
lhfa,male,86,1,60.9466,0.03342
lhfa,male,87,1,61.0388,0.0334
lhfa,male,88,1,61.1303,0.03337
lhfa,male,89,1,61.2212,0.03334
lhfa,male,90,1,61.3115,0.03331
lhfa,male,91,1,61.4013,0.03329
lhfa,male,92,1,61.4904,0.03326
lhfa,male,93,1,61.579,0.03323
lhfa,male,94,1,61.667,0.03321
lhfa,male,95,1,61.7543,0.03318
lhfa,male,96,1,61.8411,0.03316
lhfa,male,97,1,61.9274,0.03313
lhfa,male,98,1,62.013,0.03311
lhfa,male,99,1,62.0981,0.03308
lhfa,male,100,1,62.1826,0.03306
lhfa,male,101,1,62.2665,0.03303
lhfa,male,102,1,62.3499,0.03301
lhfa,male,103,1,62.4327,0.03298
lhfa,male,104,1,62.5149,0.03296
lhfa,male,105,1,62.5966,0.03294
lhfa,male,106,1,62.6778,0.03291
lhfa,male,107,1,62.7584,0.03289
lhfa,male,108,1,62.8384,0.03287
lhfa,male,109,1,62.918,0.03284
lhfa,male,110,1,62.9969,0.03282
lhfa,male,111,1,63.0754,0.0328
lhfa,male,112,1,63.1533,0.03278
lhfa,male,113,1,63.2307,0.03276
lhfa,male,114,1,63.3076,0.03273
lhfa,male,115,1,63.3839,0.03271
lhfa,male,116,1,63.4598,0.03269
lhfa,male,117,1,63.5351,0.03267
lhfa,male,118,1,63.6099,0.03265
lhfa,male,119,1,63.6842,0.03263
lhfa,male,120,1,63.758,0.03261
lhfa,male,121,1,63.8313,0.03259
lhfa,male,122,1,63.9041,0.03257
lhfa,male,123,1,63.9765,0.03255
lhfa,male,124,1,64.0483,0.03253
lhfa,male,125,1,64.1197,0.03251
lhfa,male,126,1,64.1906,0.03249
lhfa,male,127,1,64.261,0.03247
lhfa,male,128,1,64.331,0.03245
lhfa,male,129,1,64.4006,0.03243
lhfa,male,130,1,64.4697,0.03241
lhfa,male,131,1,64.5383,0.03239
lhfa,male,132,1,64.6066,0.03238
lhfa,male,133,1,64.6744,0.03236
lhfa,male,134,1,64.7418,0.03234
lhfa,male,135,1,64.8088,0.03232
lhfa,male,136,1,64.8755,0.0323
lhfa,male,137,1,64.9417,0.03229
lhfa,male,138,1,65.0075,0.03227
lhfa,male,139,1,65.073,0.03225
lhfa,male,140,1,65.138,0.03223
lhfa,male,141,1,65.2027,0.03222
lhfa,male,142,1,65.2671,0.0322
lhfa,male,143,1,65.331,0.03218
lhfa,male,144,1,65.3946,0.03217
lhfa,male,145,1,65.4579,0.03215
lhfa,male,146,1,65.5208,0.03214
lhfa,male,147,1,65.5834,0.03212
lhfa,male,148,1,65.6456,0.0321
lhfa,male,149,1,65.7075,0.03209
lhfa,male,150,1,65.769,0.03207
lhfa,male,151,1,65.8303,0.03206
lhfa,male,152,1,65.8912,0.03204
lhfa,male,153,1,65.9518,0.03203
lhfa,male,154,1,66.0121,0.03201
lhfa,male,155,1,66.0721,0.032
lhfa,male,156,1,66.1317,0.03198
lhfa,male,157,1,66.1911,0.03197
lhfa,male,158,1,66.2502,0.03196
lhfa,male,159,1,66.3089,0.03194
lhfa,male,160,1,66.3674,0.03193
lhfa,male,161,1,66.4256,0.03191
lhfa,male,162,1,66.4835,0.0319
lhfa,male,163,1,66.5412,0.03189
lhfa,male,164,1,66.5985,0.03187
lhfa,male,165,1,66.6556,0.03186
lhfa,male,166,1,66.7125,0.03185
lhfa,male,167,1,66.7691,0.03183
lhfa,male,168,1,66.8254,0.03182
lhfa,male,169,1,66.8815,0.03181
lhfa,male,170,1,66.9373,0.0318
lhfa,male,171,1,66.993,0.03179
lhfa,male,172,1,67.0483,0.03177
lhfa,male,173,1,67.1035,0.03176
lhfa,male,174,1,67.1584,0.03175
lhfa,male,175,1,67.2132,0.03174
lhfa,male,176,1,67.2677,0.03173
lhfa,male,177,1,67.3219,0.03171
lhfa,male,178,1,67.376,0.0317
lhfa,male,179,1,67.4299,0.03169
lhfa,male,180,1,67.4836,0.03168
lhfa,male,181,1,67.5371,0.03167
lhfa,male,182,1,67.5904,0.03166
lhfa,male,183,1,67.6435,0.03165
lhfa,male,184,1,67.6964,0.03164
lhfa,male,185,1,67.7491,0.03163
lhfa,male,186,1,67.8017,0.03162
lhfa,male,187,1,67.8541,0.03161
lhfa,male,188,1,67.9062,0.0316
lhfa,male,189,1,67.9583,0.03159
lhfa,male,190,1,68.0101,0.03158
lhfa,male,191,1,68.0618,0.03157
lhfa,male,192,1,68.1133,0.03156
lhfa,male,193,1,68.1647,0.03155
lhfa,male,194,1,68.2158,0.03154
lhfa,male,195,1,68.2669,0.03153
lhfa,male,196,1,68.3177,0.03152
lhfa,male,197,1,68.3685,0.03152
lhfa,male,198,1,68.419,0.03151
lhfa,male,199,1,68.4695,0.0315
lhfa,male,200,1,68.5198,0.03149
lhfa,male,201,1,68.5699,0.03148
lhfa,male,202,1,68.6199,0.03147
lhfa,male,203,1,68.6698,0.03147
lhfa,male,204,1,68.7195,0.03146
lhfa,male,205,1,68.7691,0.03145
lhfa,male,206,1,68.8186,0.03144
lhfa,male,207,1,68.8679,0.03144
lhfa,male,208,1,68.9171,0.03143
lhfa,male,209,1,68.9662,0.03142
lhfa,male,210,1,69.0152,0.03141
lhfa,male,211,1,69.0641,0.03141
lhfa,male,212,1,69.1128,0.0314
lhfa,male,213,1,69.1615,0.03139
lhfa,male,214,1,69.21,0.03139
lhfa,male,215,1,69.2584,0.03138
lhfa,male,216,1,69.3067,0.03137
lhfa,male,217,1,69.3549,0.03137
lhfa,male,218,1,69.4031,0.03136
lhfa,male,219,1,69.4511,0.03136
lhfa,male,220,1,69.499,0.03135
lhfa,male,221,1,69.5468,0.03134
lhfa,male,222,1,69.5945,0.03134
lhfa,male,223,1,69.6421,0.03133
lhfa,male,224,1,69.6896,0.03133
lhfa,male,225,1,69.737,0.03132
lhfa,male,226,1,69.7844,0.03132
lhfa,male,227,1,69.8316,0.03131
lhfa,male,228,1,69.8787,0.03131
lhfa,male,229,1,69.9258,0.0313
lhfa,male,230,1,69.9728,0.0313
lhfa,male,231,1,70.0197,0.03129
lhfa,male,232,1,70.0665,0.03129
lhfa,male,233,1,70.1132,0.03128
lhfa,male,234,1,70.1599,0.03128
lhfa,male,235,1,70.2064,0.03127
lhfa,male,236,1,70.2529,0.03127
lhfa,male,237,1,70.2994,0.03126
lhfa,male,238,1,70.3457,0.03126
lhfa,male,239,1,70.392,0.03126
lhfa,male,240,1,70.4382,0.03125
lhfa,male,241,1,70.4843,0.03125
lhfa,male,242,1,70.5304,0.03125
lhfa,male,243,1,70.5764,0.03124
lhfa,male,244,1,70.6224,0.03124
lhfa,male,245,1,70.6683,0.03123
lhfa,male,246,1,70.7141,0.03123
lhfa,male,247,1,70.7598,0.03123
lhfa,male,248,1,70.8055,0.03122
lhfa,male,249,1,70.8511,0.03122
lhfa,male,250,1,70.8967,0.03122
lhfa,male,251,1,70.9422,0.03122
lhfa,male,252,1,70.9876,0.03121
lhfa,male,253,1,71.033,0.03121
lhfa,male,254,1,71.0783,0.03121
lhfa,male,255,1,71.1235,0.03121
lhfa,male,256,1,71.1687,0.0312
lhfa,male,257,1,71.2138,0.0312
lhfa,male,258,1,71.2589,0.0312
lhfa,male,259,1,71.3039,0.0312
lhfa,male,260,1,71.3488,0.03119
lhfa,male,261,1,71.3937,0.03119
lhfa,male,262,1,71.4385,0.03119
lhfa,male,263,1,71.4832,0.03119
lhfa,male,264,1,71.5279,0.03119
lhfa,male,265,1,71.5725,0.03118
lhfa,male,266,1,71.6171,0.03118
lhfa,male,267,1,71.6616,0.03118
lhfa,male,268,1,71.706,0.03118
lhfa,male,269,1,71.7504,0.03118
lhfa,male,270,1,71.7947,0.03118
lhfa,male,271,1,71.839,0.03118
lhfa,male,272,1,71.8832,0.03118
lhfa,male,273,1,71.9273,0.03117
lhfa,male,274,1,71.9714,0.03117
lhfa,male,275,1,72.0154,0.03117
lhfa,male,276,1,72.0594,0.03117
lhfa,male,277,1,72.1033,0.03117
lhfa,male,278,1,72.1472,0.03117
lhfa,male,279,1,72.1909,0.03117
lhfa,male,280,1,72.2347,0.03117
lhfa,male,281,1,72.2783,0.03117
lhfa,male,282,1,72.3219,0.03117
lhfa,male,283,1,72.3655,0.03117
lhfa,male,284,1,72.4089,0.03117
lhfa,male,285,1,72.4523,0.03117
lhfa,male,286,1,72.4957,0.03117
lhfa,male,287,1,72.539,0.03117
lhfa,male,288,1,72.5822,0.03117
lhfa,male,289,1,72.6253,0.03117
lhfa,male,290,1,72.6684,0.03117
lhfa,male,291,1,72.7115,0.03117
lhfa,male,292,1,72.7544,0.03117
lhfa,male,293,1,72.7974,0.03117
lhfa,male,294,1,72.8402,0.03117
lhfa,male,295,1,72.883,0.03117
lhfa,male,296,1,72.9257,0.03117
lhfa,male,297,1,72.9684,0.03117
lhfa,male,298,1,73.011,0.03117
lhfa,male,299,1,73.0535,0.03118
lhfa,male,300,1,73.096,0.03118
lhfa,male,301,1,73.1384,0.03118
lhfa,male,302,1,73.1808,0.03118
lhfa,male,303,1,73.2231,0.03118
lhfa,male,304,1,73.2653,0.03118
lhfa,male,305,1,73.3075,0.03118
lhfa,male,306,1,73.3497,0.03118
lhfa,male,307,1,73.3917,0.03119
lhfa,male,308,1,73.4337,0.03119
lhfa,male,309,1,73.4757,0.03119
lhfa,male,310,1,73.5176,0.03119
lhfa,male,311,1,73.5594,0.03119
lhfa,male,312,1,73.6012,0.03119
lhfa,male,313,1,73.6429,0.0312
lhfa,male,314,1,73.6845,0.0312
lhfa,male,315,1,73.7261,0.0312
lhfa,male,316,1,73.7677,0.0312
lhfa,male,317,1,73.8091,0.0312
lhfa,male,318,1,73.8506,0.03121
lhfa,male,319,1,73.8919,0.03121
lhfa,male,320,1,73.9333,0.03121
lhfa,male,321,1,73.9745,0.03121
lhfa,male,322,1,74.0157,0.03122
lhfa,male,323,1,74.0569,0.03122
lhfa,male,324,1,74.0979,0.03122
lhfa,male,325,1,74.139,0.03122
lhfa,male,326,1,74.18,0.03123
lhfa,male,327,1,74.2209,0.03123
lhfa,male,328,1,74.2618,0.03123
lhfa,male,329,1,74.3026,0.03124
lhfa,male,330,1,74.3433,0.03124
lhfa,male,331,1,74.3841,0.03124
lhfa,male,332,1,74.4247,0.03124
lhfa,male,333,1,74.4653,0.03125
lhfa,male,334,1,74.5059,0.03125
lhfa,male,335,1,74.5464,0.03125
lhfa,male,336,1,74.5868,0.03126
lhfa,male,337,1,74.6272,0.03126
lhfa,male,338,1,74.6676,0.03126
lhfa,male,339,1,74.7079,0.03127
lhfa,male,340,1,74.7481,0.03127
lhfa,male,341,1,74.7883,0.03127
lhfa,male,342,1,74.8285,0.03128
lhfa,male,343,1,74.8686,0.03128
lhfa,male,344,1,74.9086,0.03128
lhfa,male,345,1,74.9486,0.03129
lhfa,male,346,1,74.9886,0.03129
lhfa,male,347,1,75.0285,0.0313
lhfa,male,348,1,75.0683,0.0313
lhfa,male,349,1,75.1081,0.0313
lhfa,male,350,1,75.1479,0.03131
lhfa,male,351,1,75.1876,0.03131
lhfa,male,352,1,75.2273,0.03132
lhfa,male,353,1,75.2669,0.03132
lhfa,male,354,1,75.3065,0.03132
lhfa,male,355,1,75.346,0.03133
lhfa,male,356,1,75.3855,0.03133
lhfa,male,357,1,75.425,0.03134
lhfa,male,358,1,75.4644,0.03134
lhfa,male,359,1,75.5037,0.03135
lhfa,male,360,1,75.5431,0.03135
lhfa,male,361,1,75.5824,0.03136
lhfa,male,362,1,75.6216,0.03136
lhfa,male,363,1,75.6608,0.03136
lhfa,male,364,1,75.6999,0.03137
lhfa,male,365,1,75.7391,0.03137
lhfa,male,366,1,75.7781,0.03138
lhfa,male,367,1,75.8172,0.03138
lhfa,male,368,1,75.8562,0.03139
lhfa,male,369,1,75.8951,0.03139
lhfa,male,370,1,75.934,0.0314
lhfa,male,371,1,75.9729,0.0314
lhfa,male,372,1,76.0117,0.03141
lhfa,male,373,1,76.0505,0.03141
lhfa,male,374,1,76.0892,0.03142
lhfa,male,375,1,76.1279,0.03142
lhfa,male,376,1,76.1665,0.03143
lhfa,male,377,1,76.2051,0.03143
lhfa,male,378,1,76.2437,0.03144
lhfa,male,379,1,76.2822,0.03144
lhfa,male,380,1,76.3207,0.03145
lhfa,male,381,1,76.3591,0.03146
lhfa,male,382,1,76.3975,0.03146
lhfa,male,383,1,76.4358,0.03147
lhfa,male,384,1,76.4741,0.03147
lhfa,male,385,1,76.5124,0.03148
lhfa,male,386,1,76.5506,0.03148
lhfa,male,387,1,76.5888,0.03149
lhfa,male,388,1,76.6269,0.03149
lhfa,male,389,1,76.665,0.0315
lhfa,male,390,1,76.703,0.03151
lhfa,male,391,1,76.741,0.03151
lhfa,male,392,1,76.779,0.03152
lhfa,male,393,1,76.8169,0.03152
lhfa,male,394,1,76.8548,0.03153
lhfa,male,395,1,76.8926,0.03154
lhfa,male,396,1,76.9304,0.03154
lhfa,male,397,1,76.9682,0.03155
lhfa,male,398,1,77.0059,0.03155
lhfa,male,399,1,77.0435,0.03156
lhfa,male,400,1,77.0812,0.03157
lhfa,male,401,1,77.1187,0.03157
lhfa,male,402,1,77.1563,0.03158
lhfa,male,403,1,77.1938,0.03159
lhfa,male,404,1,77.2313,0.03159
lhfa,male,405,1,77.2687,0.0316
lhfa,male,406,1,77.306,0.0316
lhfa,male,407,1,77.3434,0.03161
lhfa,male,408,1,77.3807,0.03162
lhfa,male,409,1,77.4179,0.03162
lhfa,male,410,1,77.4551,0.03163
lhfa,male,411,1,77.4923,0.03164
lhfa,male,412,1,77.5295,0.03164
lhfa,male,413,1,77.5665,0.03165
lhfa,male,414,1,77.6036,0.03166
lhfa,male,415,1,77.6406,0.03166
lhfa,male,416,1,77.6776,0.03167
lhfa,male,417,1,77.7145,0.03168
lhfa,male,418,1,77.7514,0.03168
lhfa,male,419,1,77.7883,0.03169
lhfa,male,420,1,77.8251,0.0317
lhfa,male,421,1,77.8618,0.0317
lhfa,male,422,1,77.8986,0.03171
lhfa,male,423,1,77.9353,0.03172
lhfa,male,424,1,77.9719,0.03172
lhfa,male,425,1,78.0085,0.03173
lhfa,male,426,1,78.0451,0.03174
lhfa,male,427,1,78.0817,0.03175
lhfa,male,428,1,78.1182,0.03175
lhfa,male,429,1,78.1546,0.03176
lhfa,male,430,1,78.1911,0.03177
lhfa,male,431,1,78.2275,0.03177
lhfa,male,432,1,78.2638,0.03178
lhfa,male,433,1,78.3001,0.03179
lhfa,male,434,1,78.3364,0.0318
lhfa,male,435,1,78.3727,0.0318
lhfa,male,436,1,78.4089,0.03181
lhfa,male,437,1,78.4451,0.03182
lhfa,male,438,1,78.4812,0.03183
lhfa,male,439,1,78.5173,0.03183
lhfa,male,440,1,78.5534,0.03184
lhfa,male,441,1,78.5894,0.03185
lhfa,male,442,1,78.6254,0.03186
lhfa,male,443,1,78.6614,0.03186
lhfa,male,444,1,78.6973,0.03187
lhfa,male,445,1,78.7332,0.03188
lhfa,male,446,1,78.7691,0.03189
lhfa,male,447,1,78.8049,0.03189
lhfa,male,448,1,78.8407,0.0319
lhfa,male,449,1,78.8764,0.03191
lhfa,male,450,1,78.9122,0.03192
lhfa,male,451,1,78.9479,0.03192
lhfa,male,452,1,78.9835,0.03193
lhfa,male,453,1,79.0191,0.03194
lhfa,male,454,1,79.0547,0.03195
lhfa,male,455,1,79.0903,0.03196
lhfa,male,456,1,79.1258,0.03196
lhfa,male,457,1,79.1613,0.03197
lhfa,male,458,1,79.1968,0.03198
lhfa,male,459,1,79.2322,0.03199
lhfa,male,460,1,79.2676,0.032
lhfa,male,461,1,79.303,0.032
lhfa,male,462,1,79.3383,0.03201
lhfa,male,463,1,79.3736,0.03202
lhfa,male,464,1,79.4089,0.03203
lhfa,male,465,1,79.4441,0.03204
lhfa,male,466,1,79.4793,0.03204
lhfa,male,467,1,79.5145,0.03205
lhfa,male,468,1,79.5496,0.03206
lhfa,male,469,1,79.5847,0.03207
lhfa,male,470,1,79.6198,0.03208
lhfa,male,471,1,79.6548,0.03209
lhfa,male,472,1,79.6898,0.03209
lhfa,male,473,1,79.7248,0.0321
lhfa,male,474,1,79.7598,0.03211
lhfa,male,475,1,79.7947,0.03212
lhfa,male,476,1,79.8296,0.03213
lhfa,male,477,1,79.8644,0.03214
lhfa,male,478,1,79.8993,0.03214
lhfa,male,479,1,79.9341,0.03215
lhfa,male,480,1,79.9688,0.03216
lhfa,male,481,1,80.0036,0.03217
lhfa,male,482,1,80.0383,0.03218
lhfa,male,483,1,80.0729,0.03219
lhfa,male,484,1,80.1076,0.0322
lhfa,male,485,1,80.1422,0.0322
lhfa,male,486,1,80.1768,0.03221
lhfa,male,487,1,80.2113,0.03222
lhfa,male,488,1,80.2459,0.03223
lhfa,male,489,1,80.2804,0.03224
lhfa,male,490,1,80.3148,0.03225
lhfa,male,491,1,80.3493,0.03226
lhfa,male,492,1,80.3837,0.03226
lhfa,male,493,1,80.4181,0.03227
lhfa,male,494,1,80.4524,0.03228
lhfa,male,495,1,80.4867,0.03229
lhfa,male,496,1,80.521,0.0323
lhfa,male,497,1,80.5553,0.03231
lhfa,male,498,1,80.5895,0.03232
lhfa,male,499,1,80.6237,0.03233
lhfa,male,500,1,80.6578,0.03234
lhfa,male,501,1,80.692,0.03234
lhfa,male,502,1,80.7261,0.03235
lhfa,male,503,1,80.7602,0.03236
lhfa,male,504,1,80.7942,0.03237
lhfa,male,505,1,80.8282,0.03238
lhfa,male,506,1,80.8622,0.03239
lhfa,male,507,1,80.8961,0.0324
lhfa,male,508,1,80.9301,0.03241
lhfa,male,509,1,80.964,0.03242
lhfa,male,510,1,80.9978,0.03243
lhfa,male,511,1,81.0317,0.03244
lhfa,male,512,1,81.0655,0.03245
lhfa,male,513,1,81.0992,0.03245
lhfa,male,514,1,81.133,0.03246
lhfa,male,515,1,81.1667,0.03247
lhfa,male,516,1,81.2004,0.03248
lhfa,male,517,1,81.234,0.03249
lhfa,male,518,1,81.2677,0.0325
lhfa,male,519,1,81.3013,0.03251
lhfa,male,520,1,81.3348,0.03252
lhfa,male,521,1,81.3684,0.03253
lhfa,male,522,1,81.4019,0.03254
lhfa,male,523,1,81.4353,0.03255
lhfa,male,524,1,81.4688,0.03256
lhfa,male,525,1,81.5022,0.03257
lhfa,male,526,1,81.5356,0.03258
lhfa,male,527,1,81.569,0.03259
lhfa,male,528,1,81.6023,0.0326
lhfa,male,529,1,81.6356,0.03261
lhfa,male,530,1,81.6689,0.03261
lhfa,male,531,1,81.7021,0.03262
lhfa,male,532,1,81.7353,0.03263
lhfa,male,533,1,81.7685,0.03264
lhfa,male,534,1,81.8017,0.03265
lhfa,male,535,1,81.8348,0.03266
lhfa,male,536,1,81.8679,0.03267
lhfa,male,537,1,81.9009,0.03268
lhfa,male,538,1,81.934,0.03269
lhfa,male,539,1,81.967,0.0327
lhfa,male,540,1,82,0.03271
lhfa,male,541,1,82.0329,0.03272
lhfa,male,542,1,82.0659,0.03273
lhfa,male,543,1,82.0987,0.03274
lhfa,male,544,1,82.1316,0.03275
lhfa,male,545,1,82.1644,0.03276
lhfa,male,546,1,82.1973,0.03277
lhfa,male,547,1,82.23,0.03278
lhfa,male,548,1,82.2628,0.03279
lhfa,male,549,1,82.2955,0.0328
lhfa,male,550,1,82.3282,0.03281
lhfa,male,551,1,82.3609,0.03282
lhfa,male,552,1,82.3935,0.03283
lhfa,male,553,1,82.4261,0.03284
lhfa,male,554,1,82.4587,0.03285
lhfa,male,555,1,82.4912,0.03286
lhfa,male,556,1,82.5237,0.03287
lhfa,male,557,1,82.5562,0.03288
lhfa,male,558,1,82.5887,0.03289
lhfa,male,559,1,82.6211,0.0329
lhfa,male,560,1,82.6535,0.03291
lhfa,male,561,1,82.6859,0.03292
lhfa,male,562,1,82.7182,0.03293
lhfa,male,563,1,82.7505,0.03294
lhfa,male,564,1,82.7828,0.03295
lhfa,male,565,1,82.8151,0.03296
lhfa,male,566,1,82.8473,0.03297
lhfa,male,567,1,82.8795,0.03298
lhfa,male,568,1,82.9117,0.03299
lhfa,male,569,1,82.9438,0.033
lhfa,male,570,1,82.9759,0.03301
lhfa,male,571,1,83.008,0.03302
lhfa,male,572,1,83.04,0.03303
lhfa,male,573,1,83.0721,0.03304
lhfa,male,574,1,83.1041,0.03305
lhfa,male,575,1,83.136,0.03306
lhfa,male,576,1,83.168,0.03308
lhfa,male,577,1,83.1999,0.03309
lhfa,male,578,1,83.2318,0.0331
lhfa,male,579,1,83.2637,0.03311
lhfa,male,580,1,83.2955,0.03312
lhfa,male,581,1,83.3273,0.03313
lhfa,male,582,1,83.3591,0.03314
lhfa,male,583,1,83.3908,0.03315
lhfa,male,584,1,83.4226,0.03316
lhfa,male,585,1,83.4543,0.03317
lhfa,male,586,1,83.4859,0.03318
lhfa,male,587,1,83.5176,0.03319
lhfa,male,588,1,83.5492,0.0332
lhfa,male,589,1,83.5808,0.03321
lhfa,male,590,1,83.6124,0.03322
lhfa,male,591,1,83.6439,0.03323
lhfa,male,592,1,83.6754,0.03324
lhfa,male,593,1,83.7069,0.03325
lhfa,male,594,1,83.7384,0.03326
lhfa,male,595,1,83.7698,0.03327
lhfa,male,596,1,83.8012,0.03329
lhfa,male,597,1,83.8326,0.0333
lhfa,male,598,1,83.864,0.03331
lhfa,male,599,1,83.8953,0.03332
lhfa,male,600,1,83.9267,0.03333
lhfa,male,601,1,83.9579,0.03334
lhfa,male,602,1,83.9892,0.03335
lhfa,male,603,1,84.0205,0.03336
lhfa,male,604,1,84.0517,0.03337
lhfa,male,605,1,84.0829,0.03338
lhfa,male,606,1,84.114,0.03339
lhfa,male,607,1,84.1452,0.0334
lhfa,male,608,1,84.1763,0.03341
lhfa,male,609,1,84.2074,0.03342
lhfa,male,610,1,84.2385,0.03344
lhfa,male,611,1,84.2695,0.03345
lhfa,male,612,1,84.3006,0.03346
lhfa,male,613,1,84.3316,0.03347
lhfa,male,614,1,84.3626,0.03348
lhfa,male,615,1,84.3935,0.03349
lhfa,male,616,1,84.4245,0.0335
lhfa,male,617,1,84.4554,0.03351
lhfa,male,618,1,84.4862,0.03352
lhfa,male,619,1,84.5171,0.03353
lhfa,male,620,1,84.5479,0.03354
lhfa,male,621,1,84.5787,0.03356
lhfa,male,622,1,84.6095,0.03357
lhfa,male,623,1,84.6403,0.03358
lhfa,male,624,1,84.671,0.03359
lhfa,male,625,1,84.7017,0.0336
lhfa,male,626,1,84.7324,0.03361
lhfa,male,627,1,84.7631,0.03362
lhfa,male,628,1,84.7937,0.03363
lhfa,male,629,1,84.8243,0.03364
lhfa,male,630,1,84.8549,0.03365
lhfa,male,631,1,84.8855,0.03367
lhfa,male,632,1,84.916,0.03368
lhfa,male,633,1,84.9465,0.03369
lhfa,male,634,1,84.977,0.0337
lhfa,male,635,1,85.0075,0.03371
lhfa,male,636,1,85.0379,0.03372
lhfa,male,637,1,85.0683,0.03373
lhfa,male,638,1,85.0987,0.03374
lhfa,male,639,1,85.1291,0.03375
lhfa,male,640,1,85.1594,0.03377
lhfa,male,641,1,85.1897,0.03378
lhfa,male,642,1,85.22,0.03379
lhfa,male,643,1,85.2503,0.0338
lhfa,male,644,1,85.2805,0.03381
lhfa,male,645,1,85.3108,0.03382
lhfa,male,646,1,85.341,0.03383
lhfa,male,647,1,85.3711,0.03384
lhfa,male,648,1,85.4013,0.03385
lhfa,male,649,1,85.4314,0.03387
lhfa,male,650,1,85.4615,0.03388
lhfa,male,651,1,85.4916,0.03389
lhfa,male,652,1,85.5217,0.0339
lhfa,male,653,1,85.5517,0.03391
lhfa,male,654,1,85.5817,0.03392
lhfa,male,655,1,85.6117,0.03393
lhfa,male,656,1,85.6417,0.03394
lhfa,male,657,1,85.6716,0.03396
lhfa,male,658,1,85.7015,0.03397
lhfa,male,659,1,85.7314,0.03398
lhfa,male,660,1,85.7613,0.03399
lhfa,male,661,1,85.7912,0.034
lhfa,male,662,1,85.821,0.03401
lhfa,male,663,1,85.8508,0.03402
lhfa,male,664,1,85.8806,0.03404
lhfa,male,665,1,85.9104,0.03405
lhfa,male,666,1,85.9401,0.03406
lhfa,male,667,1,85.9698,0.03407
lhfa,male,668,1,85.9995,0.03408
lhfa,male,669,1,86.0292,0.03409
lhfa,male,670,1,86.0589,0.0341
lhfa,male,671,1,86.0885,0.03411
lhfa,male,672,1,86.1181,0.03413
lhfa,male,673,1,86.1477,0.03414
lhfa,male,674,1,86.1773,0.03415
lhfa,male,675,1,86.2068,0.03416
lhfa,male,676,1,86.2363,0.03417
lhfa,male,677,1,86.2659,0.03418
lhfa,male,678,1,86.2954,0.03419
lhfa,male,679,1,86.3248,0.03421
lhfa,male,680,1,86.3543,0.03422
lhfa,male,681,1,86.3837,0.03423
lhfa,male,682,1,86.4131,0.03424
lhfa,male,683,1,86.4425,0.03425
lhfa,male,684,1,86.4719,0.03426
lhfa,male,685,1,86.5012,0.03427
lhfa,male,686,1,86.5306,0.03429
lhfa,male,687,1,86.5599,0.0343
lhfa,male,688,1,86.5892,0.03431
lhfa,male,689,1,86.6184,0.03432
lhfa,male,690,1,86.6477,0.03433
lhfa,male,691,1,86.6769,0.03434
lhfa,male,692,1,86.7061,0.03435
lhfa,male,693,1,86.7353,0.03437
lhfa,male,694,1,86.7645,0.03438
lhfa,male,695,1,86.7937,0.03439
lhfa,male,696,1,86.8228,0.0344
lhfa,male,697,1,86.8519,0.03441
lhfa,male,698,1,86.881,0.03442
lhfa,male,699,1,86.9101,0.03443
lhfa,male,700,1,86.9392,0.03445
lhfa,male,701,1,86.9682,0.03446
lhfa,male,702,1,86.9972,0.03447
lhfa,male,703,1,87.0262,0.03448
lhfa,male,704,1,87.0552,0.03449
lhfa,male,705,1,87.0842,0.0345
lhfa,male,706,1,87.1131,0.03451
lhfa,male,707,1,87.142,0.03453
lhfa,male,708,1,87.1709,0.03454
lhfa,male,709,1,87.1998,0.03455
lhfa,male,710,1,87.2287,0.03456
lhfa,male,711,1,87.2575,0.03457
lhfa,male,712,1,87.2863,0.03458
lhfa,male,713,1,87.3151,0.03459
lhfa,male,714,1,87.3439,0.03461
lhfa,male,715,1,87.3727,0.03462
lhfa,male,716,1,87.4014,0.03463
lhfa,male,717,1,87.4302,0.03464
lhfa,male,718,1,87.4589,0.03465
lhfa,male,719,1,87.4876,0.03466
lhfa,male,720,1,87.5162,0.03467
lhfa,male,721,1,87.5449,0.03469
lhfa,male,722,1,87.5735,0.0347
lhfa,male,723,1,87.6021,0.03471
lhfa,male,724,1,87.6307,0.03472
lhfa,male,725,1,87.6593,0.03473
lhfa,male,726,1,87.6878,0.03474
lhfa,male,727,1,87.7164,0.03475
lhfa,male,728,1,87.7449,0.03477
lhfa,male,729,1,87.7734,0.03478
lhfa,male,730,1,87.8018,0.03479
lhfa,male,731,1,87.1303,0.03508
lhfa,male,732,1,87.1587,0.03509
lhfa,male,733,1,87.1871,0.0351
lhfa,male,734,1,87.2155,0.03511
lhfa,male,735,1,87.2439,0.03513
lhfa,male,736,1,87.2722,0.03514
lhfa,male,737,1,87.3006,0.03515
lhfa,male,738,1,87.3289,0.03516
lhfa,male,739,1,87.3571,0.03517
lhfa,male,740,1,87.3854,0.03518
lhfa,male,741,1,87.4136,0.03519
lhfa,male,742,1,87.4419,0.03521
lhfa,male,743,1,87.4701,0.03522
lhfa,male,744,1,87.4982,0.03523
lhfa,male,745,1,87.5264,0.03524
lhfa,male,746,1,87.5545,0.03525
lhfa,male,747,1,87.5826,0.03526
lhfa,male,748,1,87.6107,0.03527
lhfa,male,749,1,87.6388,0.03528
lhfa,male,750,1,87.6668,0.0353
lhfa,male,751,1,87.6948,0.03531
lhfa,male,752,1,87.7228,0.03532
lhfa,male,753,1,87.7508,0.03533
lhfa,male,754,1,87.7788,0.03534
lhfa,male,755,1,87.8067,0.03535
lhfa,male,756,1,87.8346,0.03536
lhfa,male,757,1,87.8625,0.03538
lhfa,male,758,1,87.8903,0.03539
lhfa,male,759,1,87.9181,0.0354
lhfa,male,760,1,87.946,0.03541
lhfa,male,761,1,87.9737,0.03542
lhfa,male,762,1,88.0015,0.03543
lhfa,male,763,1,88.0292,0.03544
lhfa,male,764,1,88.057,0.03545
lhfa,male,765,1,88.0846,0.03547
lhfa,male,766,1,88.1123,0.03548
lhfa,male,767,1,88.14,0.03549
lhfa,male,768,1,88.1676,0.0355
lhfa,male,769,1,88.1952,0.03551
lhfa,male,770,1,88.2228,0.03552
lhfa,male,771,1,88.2503,0.03553
lhfa,male,772,1,88.2778,0.03555
lhfa,male,773,1,88.3053,0.03556
lhfa,male,774,1,88.3328,0.03557
lhfa,male,775,1,88.3603,0.03558
lhfa,male,776,1,88.3877,0.03559
lhfa,male,777,1,88.4151,0.0356
lhfa,male,778,1,88.4425,0.03561
lhfa,male,779,1,88.4699,0.03562
lhfa,male,780,1,88.4972,0.03564
lhfa,male,781,1,88.5245,0.03565
lhfa,male,782,1,88.5518,0.03566
lhfa,male,783,1,88.5791,0.03567
lhfa,male,784,1,88.6063,0.03568
lhfa,male,785,1,88.6335,0.03569
lhfa,male,786,1,88.6607,0.0357
lhfa,male,787,1,88.6879,0.03571
lhfa,male,788,1,88.715,0.03572
lhfa,male,789,1,88.7422,0.03574
lhfa,male,790,1,88.7693,0.03575
lhfa,male,791,1,88.7964,0.03576
lhfa,male,792,1,88.8234,0.03577
lhfa,male,793,1,88.8504,0.03578
lhfa,male,794,1,88.8775,0.03579
lhfa,male,795,1,88.9044,0.0358
lhfa,male,796,1,88.9314,0.03581
lhfa,male,797,1,88.9584,0.03582
lhfa,male,798,1,88.9853,0.03584
lhfa,male,799,1,89.0122,0.03585
lhfa,male,800,1,89.0391,0.03586
lhfa,male,801,1,89.0659,0.03587
lhfa,male,802,1,89.0927,0.03588
lhfa,male,803,1,89.1195,0.03589
lhfa,male,804,1,89.1463,0.0359
lhfa,male,805,1,89.1731,0.03591
lhfa,male,806,1,89.1998,0.03592
lhfa,male,807,1,89.2266,0.03593
lhfa,male,808,1,89.2533,0.03595
lhfa,male,809,1,89.2799,0.03596
lhfa,male,810,1,89.3066,0.03597
lhfa,male,811,1,89.3332,0.03598
lhfa,male,812,1,89.3598,0.03599
lhfa,male,813,1,89.3864,0.036
lhfa,male,814,1,89.413,0.03601
lhfa,male,815,1,89.4395,0.03602
lhfa,male,816,1,89.466,0.03603
lhfa,male,817,1,89.4925,0.03604
lhfa,male,818,1,89.519,0.03605
lhfa,male,819,1,89.5455,0.03607
lhfa,male,820,1,89.5719,0.03608
lhfa,male,821,1,89.5983,0.03609
lhfa,male,822,1,89.6247,0.0361
lhfa,male,823,1,89.651,0.03611
lhfa,male,824,1,89.6774,0.03612
lhfa,male,825,1,89.7037,0.03613
lhfa,male,826,1,89.73,0.03614
lhfa,male,827,1,89.7563,0.03615
lhfa,male,828,1,89.7825,0.03616
lhfa,male,829,1,89.8087,0.03617
lhfa,male,830,1,89.8349,0.03618
lhfa,male,831,1,89.8611,0.0362
lhfa,male,832,1,89.8873,0.03621
lhfa,male,833,1,89.9134,0.03622
lhfa,male,834,1,89.9395,0.03623
lhfa,male,835,1,89.9656,0.03624
lhfa,male,836,1,89.9917,0.03625
lhfa,male,837,1,90.0177,0.03626
lhfa,male,838,1,90.0437,0.03627
lhfa,male,839,1,90.0697,0.03628
lhfa,male,840,1,90.0957,0.03629
lhfa,male,841,1,90.1216,0.0363
lhfa,male,842,1,90.1476,0.03631
lhfa,male,843,1,90.1735,0.03632
lhfa,male,844,1,90.1994,0.03633
lhfa,male,845,1,90.2252,0.03634
lhfa,male,846,1,90.251,0.03636
lhfa,male,847,1,90.2769,0.03637
lhfa,male,848,1,90.3026,0.03638
lhfa,male,849,1,90.3284,0.03639
lhfa,male,850,1,90.3541,0.0364
lhfa,male,851,1,90.3799,0.03641
lhfa,male,852,1,90.4056,0.03642
lhfa,male,853,1,90.4312,0.03643
lhfa,male,854,1,90.4569,0.03644
lhfa,male,855,1,90.4825,0.03645
lhfa,male,856,1,90.5081,0.03646
lhfa,male,857,1,90.5337,0.03647
lhfa,male,858,1,90.5592,0.03648
lhfa,male,859,1,90.5848,0.03649
lhfa,male,860,1,90.6103,0.0365
lhfa,male,861,1,90.6358,0.03651
lhfa,male,862,1,90.6612,0.03652
lhfa,male,863,1,90.6867,0.03653
lhfa,male,864,1,90.7121,0.03654
lhfa,male,865,1,90.7375,0.03655
lhfa,male,866,1,90.7628,0.03656
lhfa,male,867,1,90.7882,0.03657
lhfa,male,868,1,90.8135,0.03659
lhfa,male,869,1,90.8388,0.0366
lhfa,male,870,1,90.8641,0.03661
lhfa,male,871,1,90.8893,0.03662
lhfa,male,872,1,90.9146,0.03663
lhfa,male,873,1,90.9398,0.03664
lhfa,male,874,1,90.965,0.03665
lhfa,male,875,1,90.9901,0.03666
lhfa,male,876,1,91.0153,0.03667
lhfa,male,877,1,91.0404,0.03668
lhfa,male,878,1,91.0655,0.03669
lhfa,male,879,1,91.0905,0.0367
lhfa,male,880,1,91.1156,0.03671
lhfa,male,881,1,91.1406,0.03672
lhfa,male,882,1,91.1656,0.03673
lhfa,male,883,1,91.1906,0.03674
lhfa,male,884,1,91.2155,0.03675
lhfa,male,885,1,91.2405,0.03676
lhfa,male,886,1,91.2654,0.03677
lhfa,male,887,1,91.2903,0.03678
lhfa,male,888,1,91.3151,0.03679
lhfa,male,889,1,91.34,0.0368
lhfa,male,890,1,91.3648,0.03681
lhfa,male,891,1,91.3896,0.03682
lhfa,male,892,1,91.4144,0.03683
lhfa,male,893,1,91.4391,0.03684
lhfa,male,894,1,91.4639,0.03685
lhfa,male,895,1,91.4886,0.03686
lhfa,male,896,1,91.5133,0.03687
lhfa,male,897,1,91.5379,0.03688
lhfa,male,898,1,91.5626,0.03689
lhfa,male,899,1,91.5872,0.0369
lhfa,male,900,1,91.6118,0.03691
lhfa,male,901,1,91.6364,0.03692
lhfa,male,902,1,91.6609,0.03693
lhfa,male,903,1,91.6855,0.03694
lhfa,male,904,1,91.71,0.03695
lhfa,male,905,1,91.7345,0.03696
lhfa,male,906,1,91.759,0.03697
lhfa,male,907,1,91.7834,0.03698
lhfa,male,908,1,91.8078,0.03699
lhfa,male,909,1,91.8323,0.037
lhfa,male,910,1,91.8566,0.03701
lhfa,male,911,1,91.881,0.03702
lhfa,male,912,1,91.9053,0.03703
lhfa,male,913,1,91.9297,0.03704
lhfa,male,914,1,91.954,0.03705
lhfa,male,915,1,91.9783,0.03706
lhfa,male,916,1,92.0025,0.03707
lhfa,male,917,1,92.0268,0.03708
lhfa,male,918,1,92.051,0.03709
lhfa,male,919,1,92.0752,0.0371
lhfa,male,920,1,92.0993,0.03711
lhfa,male,921,1,92.1235,0.03711
lhfa,male,922,1,92.1476,0.03712
lhfa,male,923,1,92.1717,0.03713
lhfa,male,924,1,92.1958,0.03714
lhfa,male,925,1,92.2199,0.03715
lhfa,male,926,1,92.244,0.03716
lhfa,male,927,1,92.268,0.03717
lhfa,male,928,1,92.292,0.03718
lhfa,male,929,1,92.316,0.03719
lhfa,male,930,1,92.34,0.0372
lhfa,male,931,1,92.3639,0.03721
lhfa,male,932,1,92.3879,0.03722
lhfa,male,933,1,92.4118,0.03723
lhfa,male,934,1,92.4357,0.03724
lhfa,male,935,1,92.4595,0.03725
lhfa,male,936,1,92.4834,0.03726
lhfa,male,937,1,92.5072,0.03727
lhfa,male,938,1,92.531,0.03728
lhfa,male,939,1,92.5548,0.03729
lhfa,male,940,1,92.5786,0.0373
lhfa,male,941,1,92.6023,0.0373
lhfa,male,942,1,92.6261,0.03731
lhfa,male,943,1,92.6498,0.03732
lhfa,male,944,1,92.6735,0.03733
lhfa,male,945,1,92.6971,0.03734
lhfa,male,946,1,92.7208,0.03735
lhfa,male,947,1,92.7444,0.03736
lhfa,male,948,1,92.768,0.03737
lhfa,male,949,1,92.7916,0.03738
lhfa,male,950,1,92.8152,0.03739
lhfa,male,951,1,92.8388,0.0374
lhfa,male,952,1,92.8623,0.03741
lhfa,male,953,1,92.8858,0.03742
lhfa,male,954,1,92.9093,0.03743
lhfa,male,955,1,92.9328,0.03743
lhfa,male,956,1,92.9562,0.03744
lhfa,male,957,1,92.9797,0.03745
lhfa,male,958,1,93.0031,0.03746
lhfa,male,959,1,93.0265,0.03747
lhfa,male,960,1,93.0499,0.03748
lhfa,male,961,1,93.0732,0.03749
lhfa,male,962,1,93.0966,0.0375
lhfa,male,963,1,93.1199,0.03751
lhfa,male,964,1,93.1432,0.03752
lhfa,male,965,1,93.1665,0.03753
lhfa,male,966,1,93.1898,0.03753
lhfa,male,967,1,93.213,0.03754
lhfa,male,968,1,93.2363,0.03755
lhfa,male,969,1,93.2595,0.03756
lhfa,male,970,1,93.2827,0.03757
lhfa,male,971,1,93.3059,0.03758
lhfa,male,972,1,93.329,0.03759
lhfa,male,973,1,93.3522,0.0376
lhfa,male,974,1,93.3753,0.03761
lhfa,male,975,1,93.3984,0.03762
lhfa,male,976,1,93.4215,0.03762
lhfa,male,977,1,93.4446,0.03763
lhfa,male,978,1,93.4676,0.03764
lhfa,male,979,1,93.4906,0.03765
lhfa,male,980,1,93.5137,0.03766
lhfa,male,981,1,93.5367,0.03767
lhfa,male,982,1,93.5596,0.03768
lhfa,male,983,1,93.5826,0.03769
lhfa,male,984,1,93.6056,0.03769
lhfa,male,985,1,93.6285,0.0377
lhfa,male,986,1,93.6514,0.03771
lhfa,male,987,1,93.6743,0.03772
lhfa,male,988,1,93.6972,0.03773
lhfa,male,989,1,93.7201,0.03774
lhfa,male,990,1,93.7429,0.03775
lhfa,male,991,1,93.7658,0.03776
lhfa,male,992,1,93.7886,0.03776
lhfa,male,993,1,93.8114,0.03777
lhfa,male,994,1,93.8342,0.03778
lhfa,male,995,1,93.8569,0.03779
lhfa,male,996,1,93.8797,0.0378
lhfa,male,997,1,93.9024,0.03781
lhfa,male,998,1,93.9252,0.03782
lhfa,male,999,1,93.9479,0.03782
lhfa,male,1000,1,93.9706,0.03783
lhfa,male,1001,1,93.9932,0.03784
lhfa,male,1002,1,94.0159,0.03785
lhfa,male,1003,1,94.0385,0.03786
lhfa,male,1004,1,94.0612,0.03787
lhfa,male,1005,1,94.0838,0.03788
lhfa,male,1006,1,94.1064,0.03788
lhfa,male,1007,1,94.129,0.03789
lhfa,male,1008,1,94.1516,0.0379
lhfa,male,1009,1,94.1741,0.03791
lhfa,male,1010,1,94.1967,0.03792
lhfa,male,1011,1,94.2192,0.03793
lhfa,male,1012,1,94.2417,0.03793
lhfa,male,1013,1,94.2642,0.03794
lhfa,male,1014,1,94.2867,0.03795
lhfa,male,1015,1,94.3092,0.03796
lhfa,male,1016,1,94.3317,0.03797
lhfa,male,1017,1,94.3541,0.03798
lhfa,male,1018,1,94.3765,0.03798
lhfa,male,1019,1,94.399,0.03799
lhfa,male,1020,1,94.4214,0.038
lhfa,male,1021,1,94.4438,0.03801
lhfa,male,1022,1,94.4662,0.03802
lhfa,male,1023,1,94.4885,0.03802
lhfa,male,1024,1,94.5109,0.03803
lhfa,male,1025,1,94.5332,0.03804
lhfa,male,1026,1,94.5556,0.03805
lhfa,male,1027,1,94.5779,0.03806
lhfa,male,1028,1,94.6002,0.03807
lhfa,male,1029,1,94.6225,0.03807
lhfa,male,1030,1,94.6447,0.03808
lhfa,male,1031,1,94.667,0.03809
lhfa,male,1032,1,94.6893,0.0381
lhfa,male,1033,1,94.7115,0.03811
lhfa,male,1034,1,94.7337,0.03811
lhfa,male,1035,1,94.7559,0.03812
lhfa,male,1036,1,94.7782,0.03813
lhfa,male,1037,1,94.8003,0.03814
lhfa,male,1038,1,94.8225,0.03815
lhfa,male,1039,1,94.8447,0.03815
lhfa,male,1040,1,94.8668,0.03816
lhfa,male,1041,1,94.889,0.03817
lhfa,male,1042,1,94.9111,0.03818
lhfa,male,1043,1,94.9332,0.03819
lhfa,male,1044,1,94.9553,0.03819
lhfa,male,1045,1,94.9774,0.0382
lhfa,male,1046,1,94.9995,0.03821
lhfa,male,1047,1,95.0216,0.03822
lhfa,male,1048,1,95.0436,0.03822
lhfa,male,1049,1,95.0657,0.03823
lhfa,male,1050,1,95.0877,0.03824
lhfa,male,1051,1,95.1097,0.03825
lhfa,male,1052,1,95.1317,0.03826
lhfa,male,1053,1,95.1537,0.03826
lhfa,male,1054,1,95.1757,0.03827
lhfa,male,1055,1,95.1977,0.03828
lhfa,male,1056,1,95.2197,0.03829
lhfa,male,1057,1,95.2416,0.03829
lhfa,male,1058,1,95.2636,0.0383
lhfa,male,1059,1,95.2855,0.03831
lhfa,male,1060,1,95.3074,0.03832
lhfa,male,1061,1,95.3293,0.03833
lhfa,male,1062,1,95.3512,0.03833
lhfa,male,1063,1,95.3731,0.03834
lhfa,male,1064,1,95.3949,0.03835
lhfa,male,1065,1,95.4168,0.03836
lhfa,male,1066,1,95.4386,0.03836
lhfa,male,1067,1,95.4605,0.03837
lhfa,male,1068,1,95.4823,0.03838
lhfa,male,1069,1,95.5041,0.03839
lhfa,male,1070,1,95.5259,0.03839
lhfa,male,1071,1,95.5477,0.0384
lhfa,male,1072,1,95.5695,0.03841
lhfa,male,1073,1,95.5913,0.03842
lhfa,male,1074,1,95.613,0.03842
lhfa,male,1075,1,95.6348,0.03843
lhfa,male,1076,1,95.6565,0.03844
lhfa,male,1077,1,95.6782,0.03845
lhfa,male,1078,1,95.6999,0.03845
lhfa,male,1079,1,95.7216,0.03846
lhfa,male,1080,1,95.7433,0.03847
lhfa,male,1081,1,95.765,0.03848
lhfa,male,1082,1,95.7867,0.03848
lhfa,male,1083,1,95.8083,0.03849
lhfa,male,1084,1,95.83,0.0385
lhfa,male,1085,1,95.8516,0.0385
lhfa,male,1086,1,95.8732,0.03851
lhfa,male,1087,1,95.8948,0.03852
lhfa,male,1088,1,95.9165,0.03853
lhfa,male,1089,1,95.938,0.03853
lhfa,male,1090,1,95.9596,0.03854
lhfa,male,1091,1,95.9812,0.03855
lhfa,male,1092,1,96.0028,0.03856
lhfa,male,1093,1,96.0243,0.03856
lhfa,male,1094,1,96.0459,0.03857
lhfa,male,1095,1,96.0674,0.03858
lhfa,male,1096,1,96.0889,0.03858
lhfa,male,1097,1,96.1104,0.03859
lhfa,male,1098,1,96.1319,0.0386
lhfa,male,1099,1,96.1534,0.03861
lhfa,male,1100,1,96.1749,0.03861
lhfa,male,1101,1,96.1964,0.03862
lhfa,male,1102,1,96.2178,0.03863
lhfa,male,1103,1,96.2393,0.03863
lhfa,male,1104,1,96.2607,0.03864
lhfa,male,1105,1,96.2821,0.03865
lhfa,male,1106,1,96.3035,0.03866
lhfa,male,1107,1,96.325,0.03866
lhfa,male,1108,1,96.3464,0.03867
lhfa,male,1109,1,96.3677,0.03868
lhfa,male,1110,1,96.3891,0.03868
lhfa,male,1111,1,96.4105,0.03869
lhfa,male,1112,1,96.4318,0.0387
lhfa,male,1113,1,96.4532,0.0387
lhfa,male,1114,1,96.4745,0.03871
lhfa,male,1115,1,96.4958,0.03872
lhfa,male,1116,1,96.5172,0.03873
lhfa,male,1117,1,96.5385,0.03873
lhfa,male,1118,1,96.5598,0.03874
lhfa,male,1119,1,96.581,0.03875
lhfa,male,1120,1,96.6023,0.03875
lhfa,male,1121,1,96.6236,0.03876
lhfa,male,1122,1,96.6448,0.03877
lhfa,male,1123,1,96.6661,0.03877
lhfa,male,1124,1,96.6873,0.03878
lhfa,male,1125,1,96.7085,0.03879
lhfa,male,1126,1,96.7298,0.03879
lhfa,male,1127,1,96.751,0.0388
lhfa,male,1128,1,96.7722,0.03881
lhfa,male,1129,1,96.7933,0.03881
lhfa,male,1130,1,96.8145,0.03882
lhfa,male,1131,1,96.8357,0.03883
lhfa,male,1132,1,96.8568,0.03883
lhfa,male,1133,1,96.878,0.03884
lhfa,male,1134,1,96.8991,0.03885
lhfa,male,1135,1,96.9203,0.03885
lhfa,male,1136,1,96.9414,0.03886
lhfa,male,1137,1,96.9625,0.03887
lhfa,male,1138,1,96.9836,0.03887
lhfa,male,1139,1,97.0047,0.03888
lhfa,male,1140,1,97.0258,0.03889
lhfa,male,1141,1,97.0468,0.03889
lhfa,male,1142,1,97.0679,0.0389
lhfa,male,1143,1,97.0889,0.03891
lhfa,male,1144,1,97.11,0.03891
lhfa,male,1145,1,97.131,0.03892
lhfa,male,1146,1,97.1521,0.03893
lhfa,male,1147,1,97.1731,0.03893
lhfa,male,1148,1,97.1941,0.03894
lhfa,male,1149,1,97.2151,0.03895
lhfa,male,1150,1,97.2361,0.03895
lhfa,male,1151,1,97.257,0.03896
lhfa,male,1152,1,97.278,0.03897
lhfa,male,1153,1,97.299,0.03897
lhfa,male,1154,1,97.3199,0.03898
lhfa,male,1155,1,97.3409,0.03899
lhfa,male,1156,1,97.3618,0.03899
lhfa,male,1157,1,97.3827,0.039
lhfa,male,1158,1,97.4036,0.03901
lhfa,male,1159,1,97.4245,0.03901
lhfa,male,1160,1,97.4454,0.03902
lhfa,male,1161,1,97.4663,0.03902
lhfa,male,1162,1,97.4872,0.03903
lhfa,male,1163,1,97.5081,0.03904
lhfa,male,1164,1,97.5289,0.03904
lhfa,male,1165,1,97.5498,0.03905
lhfa,male,1166,1,97.5706,0.03906
lhfa,male,1167,1,97.5914,0.03906
lhfa,male,1168,1,97.6123,0.03907
lhfa,male,1169,1,97.6331,0.03908
lhfa,male,1170,1,97.6539,0.03908
lhfa,male,1171,1,97.6747,0.03909
lhfa,male,1172,1,97.6954,0.03909
lhfa,male,1173,1,97.7162,0.0391
lhfa,male,1174,1,97.737,0.03911
lhfa,male,1175,1,97.7577,0.03911
lhfa,male,1176,1,97.7785,0.03912
lhfa,male,1177,1,97.7992,0.03913
lhfa,male,1178,1,97.8199,0.03913
lhfa,male,1179,1,97.8406,0.03914
lhfa,male,1180,1,97.8614,0.03914
lhfa,male,1181,1,97.8821,0.03915
lhfa,male,1182,1,97.9027,0.03916
lhfa,male,1183,1,97.9234,0.03916
lhfa,male,1184,1,97.9441,0.03917
lhfa,male,1185,1,97.9647,0.03917
lhfa,male,1186,1,97.9854,0.03918
lhfa,male,1187,1,98.006,0.03919
lhfa,male,1188,1,98.0267,0.03919
lhfa,male,1189,1,98.0473,0.0392
lhfa,male,1190,1,98.0679,0.0392
lhfa,male,1191,1,98.0885,0.03921
lhfa,male,1192,1,98.1091,0.03922
lhfa,male,1193,1,98.1297,0.03922
lhfa,male,1194,1,98.1503,0.03923
lhfa,male,1195,1,98.1708,0.03924
lhfa,male,1196,1,98.1914,0.03924
lhfa,male,1197,1,98.2119,0.03925
lhfa,male,1198,1,98.2325,0.03925
lhfa,male,1199,1,98.253,0.03926
lhfa,male,1200,1,98.2735,0.03927
lhfa,male,1201,1,98.294,0.03927
lhfa,male,1202,1,98.3145,0.03928
lhfa,male,1203,1,98.335,0.03928
lhfa,male,1204,1,98.3555,0.03929
lhfa,male,1205,1,98.3759,0.03929
lhfa,male,1206,1,98.3964,0.0393
lhfa,male,1207,1,98.4169,0.03931
lhfa,male,1208,1,98.4373,0.03931
lhfa,male,1209,1,98.4577,0.03932
lhfa,male,1210,1,98.4782,0.03932
lhfa,male,1211,1,98.4986,0.03933
lhfa,male,1212,1,98.519,0.03934
lhfa,male,1213,1,98.5394,0.03934
lhfa,male,1214,1,98.5598,0.03935
lhfa,male,1215,1,98.5801,0.03935
lhfa,male,1216,1,98.6005,0.03936
lhfa,male,1217,1,98.6209,0.03937
lhfa,male,1218,1,98.6412,0.03937
lhfa,male,1219,1,98.6615,0.03938
lhfa,male,1220,1,98.6819,0.03938
lhfa,male,1221,1,98.7022,0.03939
lhfa,male,1222,1,98.7225,0.03939
lhfa,male,1223,1,98.7428,0.0394
lhfa,male,1224,1,98.7631,0.03941
lhfa,male,1225,1,98.7834,0.03941
lhfa,male,1226,1,98.8036,0.03942
lhfa,male,1227,1,98.8239,0.03942
lhfa,male,1228,1,98.8442,0.03943
lhfa,male,1229,1,98.8644,0.03943
lhfa,male,1230,1,98.8846,0.03944
lhfa,male,1231,1,98.9049,0.03945
lhfa,male,1232,1,98.9251,0.03945
lhfa,male,1233,1,98.9453,0.03946
lhfa,male,1234,1,98.9655,0.03946
lhfa,male,1235,1,98.9857,0.03947
lhfa,male,1236,1,99.0058,0.03947
lhfa,male,1237,1,99.026,0.03948
lhfa,male,1238,1,99.0461,0.03949
lhfa,male,1239,1,99.0663,0.03949
lhfa,male,1240,1,99.0864,0.0395
lhfa,male,1241,1,99.1065,0.0395
lhfa,male,1242,1,99.1267,0.03951
lhfa,male,1243,1,99.1468,0.03951
lhfa,male,1244,1,99.1669,0.03952
lhfa,male,1245,1,99.1869,0.03952
lhfa,male,1246,1,99.207,0.03953
lhfa,male,1247,1,99.2271,0.03954
lhfa,male,1248,1,99.2471,0.03954
lhfa,male,1249,1,99.2672,0.03955
lhfa,male,1250,1,99.2872,0.03955
lhfa,male,1251,1,99.3072,0.03956
lhfa,male,1252,1,99.3272,0.03956
lhfa,male,1253,1,99.3472,0.03957
lhfa,male,1254,1,99.3672,0.03957
lhfa,male,1255,1,99.3872,0.03958
lhfa,male,1256,1,99.4072,0.03958
lhfa,male,1257,1,99.4272,0.03959
lhfa,male,1258,1,99.4471,0.0396
lhfa,male,1259,1,99.4671,0.0396
lhfa,male,1260,1,99.487,0.03961
lhfa,male,1261,1,99.5069,0.03961
lhfa,male,1262,1,99.5268,0.03962
lhfa,male,1263,1,99.5467,0.03962
lhfa,male,1264,1,99.5666,0.03963
lhfa,male,1265,1,99.5865,0.03963
lhfa,male,1266,1,99.6064,0.03964
lhfa,male,1267,1,99.6262,0.03964
lhfa,male,1268,1,99.6461,0.03965
lhfa,male,1269,1,99.666,0.03966
lhfa,male,1270,1,99.6858,0.03966
lhfa,male,1271,1,99.7056,0.03967
lhfa,male,1272,1,99.7254,0.03967
lhfa,male,1273,1,99.7452,0.03968
lhfa,male,1274,1,99.765,0.03968
lhfa,male,1275,1,99.7848,0.03969
lhfa,male,1276,1,99.8046,0.03969
lhfa,male,1277,1,99.8244,0.0397
lhfa,male,1278,1,99.8441,0.0397
lhfa,male,1279,1,99.8639,0.03971
lhfa,male,1280,1,99.8836,0.03971
lhfa,male,1281,1,99.9034,0.03972
lhfa,male,1282,1,99.9231,0.03972
lhfa,male,1283,1,99.9428,0.03973
lhfa,male,1284,1,99.9625,0.03973
lhfa,male,1285,1,99.9822,0.03974
lhfa,male,1286,1,100.0019,0.03975
lhfa,male,1287,1,100.0216,0.03975
lhfa,male,1288,1,100.0412,0.03976
lhfa,male,1289,1,100.0609,0.03976
lhfa,male,1290,1,100.0805,0.03977
lhfa,male,1291,1,100.1002,0.03977
lhfa,male,1292,1,100.1198,0.03978
lhfa,male,1293,1,100.1394,0.03978
lhfa,male,1294,1,100.1591,0.03979
lhfa,male,1295,1,100.1787,0.03979
lhfa,male,1296,1,100.1983,0.0398
lhfa,male,1297,1,100.2178,0.0398
lhfa,male,1298,1,100.2374,0.03981
lhfa,male,1299,1,100.257,0.03981
lhfa,male,1300,1,100.2765,0.03982
lhfa,male,1301,1,100.2961,0.03982
lhfa,male,1302,1,100.3156,0.03983
lhfa,male,1303,1,100.3352,0.03983
lhfa,male,1304,1,100.3547,0.03984
lhfa,male,1305,1,100.3742,0.03984
lhfa,male,1306,1,100.3937,0.03985
lhfa,male,1307,1,100.4132,0.03985
lhfa,male,1308,1,100.4327,0.03986
lhfa,male,1309,1,100.4522,0.03986
lhfa,male,1310,1,100.4717,0.03987
lhfa,male,1311,1,100.4911,0.03987
lhfa,male,1312,1,100.5106,0.03988
lhfa,male,1313,1,100.53,0.03988
lhfa,male,1314,1,100.5495,0.03989
lhfa,male,1315,1,100.5689,0.0399
lhfa,male,1316,1,100.5883,0.0399
lhfa,male,1317,1,100.6077,0.03991
lhfa,male,1318,1,100.6271,0.03991
lhfa,male,1319,1,100.6465,0.03992
lhfa,male,1320,1,100.6659,0.03992
lhfa,male,1321,1,100.6853,0.03993
lhfa,male,1322,1,100.7046,0.03993
lhfa,male,1323,1,100.724,0.03994
lhfa,male,1324,1,100.7434,0.03994
lhfa,male,1325,1,100.7627,0.03995
lhfa,male,1326,1,100.782,0.03995
lhfa,male,1327,1,100.8013,0.03996
lhfa,male,1328,1,100.8207,0.03996
lhfa,male,1329,1,100.84,0.03997
lhfa,male,1330,1,100.8593,0.03997
lhfa,male,1331,1,100.8786,0.03998
lhfa,male,1332,1,100.8978,0.03998
lhfa,male,1333,1,100.9171,0.03999
lhfa,male,1334,1,100.9364,0.03999
lhfa,male,1335,1,100.9556,0.04
lhfa,male,1336,1,100.9749,0.04
lhfa,male,1337,1,100.9941,0.04001
lhfa,male,1338,1,101.0134,0.04001
lhfa,male,1339,1,101.0326,0.04002
lhfa,male,1340,1,101.0518,0.04002
lhfa,male,1341,1,101.071,0.04003
lhfa,male,1342,1,101.0902,0.04003
lhfa,male,1343,1,101.1094,0.04004
lhfa,male,1344,1,101.1286,0.04004
lhfa,male,1345,1,101.1477,0.04004
lhfa,male,1346,1,101.1669,0.04005
lhfa,male,1347,1,101.1861,0.04005
lhfa,male,1348,1,101.2052,0.04006
lhfa,male,1349,1,101.2244,0.04006
lhfa,male,1350,1,101.2435,0.04007
lhfa,male,1351,1,101.2626,0.04007
lhfa,male,1352,1,101.2817,0.04008
lhfa,male,1353,1,101.3008,0.04008
lhfa,male,1354,1,101.32,0.04009
lhfa,male,1355,1,101.339,0.04009
lhfa,male,1356,1,101.3581,0.0401
lhfa,male,1357,1,101.3772,0.0401
lhfa,male,1358,1,101.3963,0.04011
lhfa,male,1359,1,101.4153,0.04011
lhfa,male,1360,1,101.4344,0.04012
lhfa,male,1361,1,101.4535,0.04012
lhfa,male,1362,1,101.4725,0.04013
lhfa,male,1363,1,101.4915,0.04013
lhfa,male,1364,1,101.5106,0.04014
lhfa,male,1365,1,101.5296,0.04014
lhfa,male,1366,1,101.5486,0.04015
lhfa,male,1367,1,101.5676,0.04015
lhfa,male,1368,1,101.5866,0.04016
lhfa,male,1369,1,101.6056,0.04016
lhfa,male,1370,1,101.6246,0.04017
lhfa,male,1371,1,101.6435,0.04017
lhfa,male,1372,1,101.6625,0.04018
lhfa,male,1373,1,101.6815,0.04018
lhfa,male,1374,1,101.7004,0.04019
lhfa,male,1375,1,101.7194,0.04019
lhfa,male,1376,1,101.7383,0.0402
lhfa,male,1377,1,101.7572,0.0402
lhfa,male,1378,1,101.7762,0.0402
lhfa,male,1379,1,101.7951,0.04021
lhfa,male,1380,1,101.814,0.04021
lhfa,male,1381,1,101.8329,0.04022
lhfa,male,1382,1,101.8518,0.04022
lhfa,male,1383,1,101.8707,0.04023
lhfa,male,1384,1,101.8896,0.04023
lhfa,male,1385,1,101.9085,0.04024
lhfa,male,1386,1,101.9274,0.04024
lhfa,male,1387,1,101.9462,0.04025
lhfa,male,1388,1,101.9651,0.04025
lhfa,male,1389,1,101.9839,0.04026
lhfa,male,1390,1,102.0028,0.04026
lhfa,male,1391,1,102.0216,0.04027
lhfa,male,1392,1,102.0405,0.04027
lhfa,male,1393,1,102.0593,0.04028
lhfa,male,1394,1,102.0781,0.04028
lhfa,male,1395,1,102.097,0.04029
lhfa,male,1396,1,102.1158,0.04029
lhfa,male,1397,1,102.1346,0.0403
lhfa,male,1398,1,102.1534,0.0403
lhfa,male,1399,1,102.1722,0.0403
lhfa,male,1400,1,102.191,0.04031
lhfa,male,1401,1,102.2097,0.04031
lhfa,male,1402,1,102.2285,0.04032
lhfa,male,1403,1,102.2473,0.04032
lhfa,male,1404,1,102.2661,0.04033
lhfa,male,1405,1,102.2848,0.04033
lhfa,male,1406,1,102.3036,0.04034
lhfa,male,1407,1,102.3223,0.04034
lhfa,male,1408,1,102.3411,0.04035
lhfa,male,1409,1,102.3598,0.04035
lhfa,male,1410,1,102.3785,0.04036
lhfa,male,1411,1,102.3972,0.04036
lhfa,male,1412,1,102.416,0.04037
lhfa,male,1413,1,102.4347,0.04037
lhfa,male,1414,1,102.4534,0.04037
lhfa,male,1415,1,102.4721,0.04038
lhfa,male,1416,1,102.4908,0.04038
lhfa,male,1417,1,102.5095,0.04039
lhfa,male,1418,1,102.5282,0.04039
lhfa,male,1419,1,102.5469,0.0404
lhfa,male,1420,1,102.5655,0.0404
lhfa,male,1421,1,102.5842,0.04041
lhfa,male,1422,1,102.6029,0.04041
lhfa,male,1423,1,102.6215,0.04042
lhfa,male,1424,1,102.6402,0.04042
lhfa,male,1425,1,102.6588,0.04043
lhfa,male,1426,1,102.6775,0.04043
lhfa,male,1427,1,102.6961,0.04044
lhfa,male,1428,1,102.7148,0.04044
lhfa,male,1429,1,102.7334,0.04044
lhfa,male,1430,1,102.752,0.04045
lhfa,male,1431,1,102.7706,0.04045
lhfa,male,1432,1,102.7893,0.04046
lhfa,male,1433,1,102.8079,0.04046
lhfa,male,1434,1,102.8265,0.04047
lhfa,male,1435,1,102.8451,0.04047
lhfa,male,1436,1,102.8637,0.04048
lhfa,male,1437,1,102.8823,0.04048
lhfa,male,1438,1,102.9009,0.04049
lhfa,male,1439,1,102.9195,0.04049
lhfa,male,1440,1,102.938,0.0405
lhfa,male,1441,1,102.9566,0.0405
lhfa,male,1442,1,102.9752,0.0405
lhfa,male,1443,1,102.9938,0.04051
lhfa,male,1444,1,103.0123,0.04051
lhfa,male,1445,1,103.0309,0.04052
lhfa,male,1446,1,103.0494,0.04052
lhfa,male,1447,1,103.068,0.04053
lhfa,male,1448,1,103.0865,0.04053
lhfa,male,1449,1,103.1051,0.04054
lhfa,male,1450,1,103.1236,0.04054
lhfa,male,1451,1,103.1421,0.04055
lhfa,male,1452,1,103.1607,0.04055
lhfa,male,1453,1,103.1792,0.04055
lhfa,male,1454,1,103.1977,0.04056
lhfa,male,1455,1,103.2162,0.04056
lhfa,male,1456,1,103.2348,0.04057
lhfa,male,1457,1,103.2533,0.04057
lhfa,male,1458,1,103.2718,0.04058
lhfa,male,1459,1,103.2903,0.04058
lhfa,male,1460,1,103.3088,0.04059
lhfa,male,1461,1,103.3273,0.04059
lhfa,male,1462,1,103.3458,0.0406
lhfa,male,1463,1,103.3643,0.0406
lhfa,male,1464,1,103.3827,0.0406
lhfa,male,1465,1,103.4012,0.04061
lhfa,male,1466,1,103.4197,0.04061
lhfa,male,1467,1,103.4382,0.04062
lhfa,male,1468,1,103.4566,0.04062
lhfa,male,1469,1,103.4751,0.04063
lhfa,male,1470,1,103.4936,0.04063
lhfa,male,1471,1,103.512,0.04064
lhfa,male,1472,1,103.5305,0.04064
lhfa,male,1473,1,103.5489,0.04065
lhfa,male,1474,1,103.5674,0.04065
lhfa,male,1475,1,103.5858,0.04065
lhfa,male,1476,1,103.6043,0.04066
lhfa,male,1477,1,103.6227,0.04066
lhfa,male,1478,1,103.6412,0.04067
lhfa,male,1479,1,103.6596,0.04067
lhfa,male,1480,1,103.678,0.04068
lhfa,male,1481,1,103.6965,0.04068
lhfa,male,1482,1,103.7149,0.04069
lhfa,male,1483,1,103.7333,0.04069
lhfa,male,1484,1,103.7517,0.04069
lhfa,male,1485,1,103.7701,0.0407
lhfa,male,1486,1,103.7885,0.0407
lhfa,male,1487,1,103.807,0.04071
lhfa,male,1488,1,103.8254,0.04071
lhfa,male,1489,1,103.8438,0.04072
lhfa,male,1490,1,103.8622,0.04072
lhfa,male,1491,1,103.8806,0.04073
lhfa,male,1492,1,103.899,0.04073
lhfa,male,1493,1,103.9174,0.04073
lhfa,male,1494,1,103.9357,0.04074
lhfa,male,1495,1,103.9541,0.04074
lhfa,male,1496,1,103.9725,0.04075
lhfa,male,1497,1,103.9909,0.04075
lhfa,male,1498,1,104.0093,0.04076
lhfa,male,1499,1,104.0277,0.04076
lhfa,male,1500,1,104.046,0.04077
lhfa,male,1501,1,104.0644,0.04077
lhfa,male,1502,1,104.0828,0.04078
lhfa,male,1503,1,104.1011,0.04078
lhfa,male,1504,1,104.1195,0.04078
lhfa,male,1505,1,104.1379,0.04079
lhfa,male,1506,1,104.1562,0.04079
lhfa,male,1507,1,104.1746,0.0408
lhfa,male,1508,1,104.1929,0.0408
lhfa,male,1509,1,104.2113,0.04081
lhfa,male,1510,1,104.2296,0.04081
lhfa,male,1511,1,104.248,0.04082
lhfa,male,1512,1,104.2663,0.04082
lhfa,male,1513,1,104.2847,0.04082
lhfa,male,1514,1,104.303,0.04083
lhfa,male,1515,1,104.3213,0.04083
lhfa,male,1516,1,104.3397,0.04084
lhfa,male,1517,1,104.358,0.04084
lhfa,male,1518,1,104.3763,0.04085
lhfa,male,1519,1,104.3947,0.04085
lhfa,male,1520,1,104.413,0.04086
lhfa,male,1521,1,104.4313,0.04086
lhfa,male,1522,1,104.4496,0.04086
lhfa,male,1523,1,104.4679,0.04087
lhfa,male,1524,1,104.4863,0.04087
lhfa,male,1525,1,104.5046,0.04088
lhfa,male,1526,1,104.5229,0.04088
lhfa,male,1527,1,104.5412,0.04089
lhfa,male,1528,1,104.5595,0.04089
lhfa,male,1529,1,104.5778,0.04089
lhfa,male,1530,1,104.5961,0.0409
lhfa,male,1531,1,104.6144,0.0409
lhfa,male,1532,1,104.6327,0.04091
lhfa,male,1533,1,104.651,0.04091
lhfa,male,1534,1,104.6693,0.04092
lhfa,male,1535,1,104.6876,0.04092
lhfa,male,1536,1,104.7059,0.04093
lhfa,male,1537,1,104.7242,0.04093
lhfa,male,1538,1,104.7425,0.04093
lhfa,male,1539,1,104.7608,0.04094
lhfa,male,1540,1,104.7791,0.04094
lhfa,male,1541,1,104.7974,0.04095
lhfa,male,1542,1,104.8157,0.04095
lhfa,male,1543,1,104.8339,0.04096
lhfa,male,1544,1,104.8522,0.04096
lhfa,male,1545,1,104.8705,0.04097
lhfa,male,1546,1,104.8888,0.04097
lhfa,male,1547,1,104.9071,0.04097
lhfa,male,1548,1,104.9253,0.04098
lhfa,male,1549,1,104.9436,0.04098
lhfa,male,1550,1,104.9619,0.04099
lhfa,male,1551,1,104.9802,0.04099
lhfa,male,1552,1,104.9984,0.041
lhfa,male,1553,1,105.0167,0.041
lhfa,male,1554,1,105.035,0.041
lhfa,male,1555,1,105.0532,0.04101
lhfa,male,1556,1,105.0715,0.04101
lhfa,male,1557,1,105.0898,0.04102
lhfa,male,1558,1,105.108,0.04102
lhfa,male,1559,1,105.1263,0.04103
lhfa,male,1560,1,105.1445,0.04103
lhfa,male,1561,1,105.1628,0.04104
lhfa,male,1562,1,105.1811,0.04104
lhfa,male,1563,1,105.1993,0.04104
lhfa,male,1564,1,105.2176,0.04105
lhfa,male,1565,1,105.2358,0.04105
lhfa,male,1566,1,105.2541,0.04106
lhfa,male,1567,1,105.2723,0.04106
lhfa,male,1568,1,105.2906,0.04107
lhfa,male,1569,1,105.3088,0.04107
lhfa,male,1570,1,105.3271,0.04107
lhfa,male,1571,1,105.3453,0.04108
lhfa,male,1572,1,105.3635,0.04108
lhfa,male,1573,1,105.3818,0.04109
lhfa,male,1574,1,105.4,0.04109
lhfa,male,1575,1,105.4183,0.0411
lhfa,male,1576,1,105.4365,0.0411
lhfa,male,1577,1,105.4547,0.04111
lhfa,male,1578,1,105.473,0.04111
lhfa,male,1579,1,105.4912,0.04111
lhfa,male,1580,1,105.5094,0.04112
lhfa,male,1581,1,105.5277,0.04112
lhfa,male,1582,1,105.5459,0.04113
lhfa,male,1583,1,105.5641,0.04113
lhfa,male,1584,1,105.5824,0.04114
lhfa,male,1585,1,105.6006,0.04114
lhfa,male,1586,1,105.6188,0.04114
lhfa,male,1587,1,105.637,0.04115
lhfa,male,1588,1,105.6553,0.04115
lhfa,male,1589,1,105.6735,0.04116
lhfa,male,1590,1,105.6917,0.04116
lhfa,male,1591,1,105.7099,0.04117
lhfa,male,1592,1,105.7281,0.04117
lhfa,male,1593,1,105.7463,0.04117
lhfa,male,1594,1,105.7646,0.04118
lhfa,male,1595,1,105.7828,0.04118
lhfa,male,1596,1,105.801,0.04119
lhfa,male,1597,1,105.8192,0.04119
lhfa,male,1598,1,105.8374,0.0412
lhfa,male,1599,1,105.8556,0.0412
lhfa,male,1600,1,105.8738,0.0412
lhfa,male,1601,1,105.892,0.04121
lhfa,male,1602,1,105.9102,0.04121
lhfa,male,1603,1,105.9284,0.04122
lhfa,male,1604,1,105.9466,0.04122
lhfa,male,1605,1,105.9648,0.04123
lhfa,male,1606,1,105.983,0.04123
lhfa,male,1607,1,106.0012,0.04123
lhfa,male,1608,1,106.0194,0.04124
lhfa,male,1609,1,106.0376,0.04124
lhfa,male,1610,1,106.0558,0.04125
lhfa,male,1611,1,106.074,0.04125
lhfa,male,1612,1,106.0922,0.04126
lhfa,male,1613,1,106.1104,0.04126
lhfa,male,1614,1,106.1286,0.04127
lhfa,male,1615,1,106.1467,0.04127
lhfa,male,1616,1,106.1649,0.04127
lhfa,male,1617,1,106.1831,0.04128
lhfa,male,1618,1,106.2013,0.04128
lhfa,male,1619,1,106.2195,0.04129
lhfa,male,1620,1,106.2377,0.04129
lhfa,male,1621,1,106.2558,0.0413
lhfa,male,1622,1,106.274,0.0413
lhfa,male,1623,1,106.2922,0.0413
lhfa,male,1624,1,106.3104,0.04131
lhfa,male,1625,1,106.3285,0.04131
lhfa,male,1626,1,106.3467,0.04132
lhfa,male,1627,1,106.3649,0.04132
lhfa,male,1628,1,106.3831,0.04132
lhfa,male,1629,1,106.4012,0.04133
lhfa,male,1630,1,106.4194,0.04133
lhfa,male,1631,1,106.4376,0.04134
lhfa,male,1632,1,106.4557,0.04134
lhfa,male,1633,1,106.4739,0.04135
lhfa,male,1634,1,106.4921,0.04135
lhfa,male,1635,1,106.5102,0.04135
lhfa,male,1636,1,106.5284,0.04136
lhfa,male,1637,1,106.5465,0.04136
lhfa,male,1638,1,106.5647,0.04137
lhfa,male,1639,1,106.5829,0.04137
lhfa,male,1640,1,106.601,0.04138
lhfa,male,1641,1,106.6192,0.04138
lhfa,male,1642,1,106.6373,0.04138
lhfa,male,1643,1,106.6555,0.04139
lhfa,male,1644,1,106.6736,0.04139
lhfa,male,1645,1,106.6918,0.0414
lhfa,male,1646,1,106.7099,0.0414
lhfa,male,1647,1,106.7281,0.04141
lhfa,male,1648,1,106.7462,0.04141
lhfa,male,1649,1,106.7644,0.04141
lhfa,male,1650,1,106.7825,0.04142
lhfa,male,1651,1,106.8006,0.04142
lhfa,male,1652,1,106.8188,0.04143
lhfa,male,1653,1,106.8369,0.04143
lhfa,male,1654,1,106.8551,0.04144
lhfa,male,1655,1,106.8732,0.04144
lhfa,male,1656,1,106.8913,0.04144
lhfa,male,1657,1,106.9095,0.04145
lhfa,male,1658,1,106.9276,0.04145
lhfa,male,1659,1,106.9457,0.04146
lhfa,male,1660,1,106.9639,0.04146
lhfa,male,1661,1,106.982,0.04147
lhfa,male,1662,1,107.0001,0.04147
lhfa,male,1663,1,107.0183,0.04147
lhfa,male,1664,1,107.0364,0.04148
lhfa,male,1665,1,107.0545,0.04148
lhfa,male,1666,1,107.0727,0.04149
lhfa,male,1667,1,107.0908,0.04149
lhfa,male,1668,1,107.1089,0.04149
lhfa,male,1669,1,107.127,0.0415
lhfa,male,1670,1,107.1452,0.0415
lhfa,male,1671,1,107.1633,0.04151
lhfa,male,1672,1,107.1814,0.04151
lhfa,male,1673,1,107.1995,0.04152
lhfa,male,1674,1,107.2176,0.04152
lhfa,male,1675,1,107.2358,0.04152
lhfa,male,1676,1,107.2539,0.04153
lhfa,male,1677,1,107.272,0.04153
lhfa,male,1678,1,107.2901,0.04154
lhfa,male,1679,1,107.3082,0.04154
lhfa,male,1680,1,107.3263,0.04154
lhfa,male,1681,1,107.3444,0.04155
lhfa,male,1682,1,107.3625,0.04155
lhfa,male,1683,1,107.3806,0.04156
lhfa,male,1684,1,107.3988,0.04156
lhfa,male,1685,1,107.4169,0.04157
lhfa,male,1686,1,107.435,0.04157
lhfa,male,1687,1,107.4531,0.04157
lhfa,male,1688,1,107.4712,0.04158
lhfa,male,1689,1,107.4893,0.04158
lhfa,male,1690,1,107.5074,0.04159
lhfa,male,1691,1,107.5255,0.04159
lhfa,male,1692,1,107.5436,0.0416
lhfa,male,1693,1,107.5617,0.0416
lhfa,male,1694,1,107.5798,0.0416
lhfa,male,1695,1,107.5979,0.04161
lhfa,male,1696,1,107.616,0.04161
lhfa,male,1697,1,107.6341,0.04162
lhfa,male,1698,1,107.6522,0.04162
lhfa,male,1699,1,107.6702,0.04162
lhfa,male,1700,1,107.6883,0.04163
lhfa,male,1701,1,107.7064,0.04163
lhfa,male,1702,1,107.7245,0.04164
lhfa,male,1703,1,107.7426,0.04164
lhfa,male,1704,1,107.7607,0.04165
lhfa,male,1705,1,107.7788,0.04165
lhfa,male,1706,1,107.7969,0.04165
lhfa,male,1707,1,107.8149,0.04166
lhfa,male,1708,1,107.833,0.04166
lhfa,male,1709,1,107.8511,0.04167
lhfa,male,1710,1,107.8692,0.04167
lhfa,male,1711,1,107.8873,0.04167
lhfa,male,1712,1,107.9053,0.04168
lhfa,male,1713,1,107.9234,0.04168
lhfa,male,1714,1,107.9415,0.04169
lhfa,male,1715,1,107.9596,0.04169
lhfa,male,1716,1,107.9777,0.04169
lhfa,male,1717,1,107.9957,0.0417
lhfa,male,1718,1,108.0138,0.0417
lhfa,male,1719,1,108.0319,0.04171
lhfa,male,1720,1,108.0499,0.04171
lhfa,male,1721,1,108.068,0.04172
lhfa,male,1722,1,108.0861,0.04172
lhfa,male,1723,1,108.1041,0.04172
lhfa,male,1724,1,108.1222,0.04173
lhfa,male,1725,1,108.1403,0.04173
lhfa,male,1726,1,108.1583,0.04174
lhfa,male,1727,1,108.1764,0.04174
lhfa,male,1728,1,108.1945,0.04174
lhfa,male,1729,1,108.2125,0.04175
lhfa,male,1730,1,108.2306,0.04175
lhfa,male,1731,1,108.2487,0.04176
lhfa,male,1732,1,108.2667,0.04176
lhfa,male,1733,1,108.2848,0.04176
lhfa,male,1734,1,108.3028,0.04177
lhfa,male,1735,1,108.3209,0.04177
lhfa,male,1736,1,108.3389,0.04178
lhfa,male,1737,1,108.357,0.04178
lhfa,male,1738,1,108.375,0.04179
lhfa,male,1739,1,108.3931,0.04179
lhfa,male,1740,1,108.4112,0.04179
lhfa,male,1741,1,108.4292,0.0418
lhfa,male,1742,1,108.4473,0.0418
lhfa,male,1743,1,108.4653,0.04181
lhfa,male,1744,1,108.4833,0.04181
lhfa,male,1745,1,108.5014,0.04181
lhfa,male,1746,1,108.5194,0.04182
lhfa,male,1747,1,108.5375,0.04182
lhfa,male,1748,1,108.5555,0.04183
lhfa,male,1749,1,108.5736,0.04183
lhfa,male,1750,1,108.5916,0.04183
lhfa,male,1751,1,108.6097,0.04184
lhfa,male,1752,1,108.6277,0.04184
lhfa,male,1753,1,108.6457,0.04185
lhfa,male,1754,1,108.6638,0.04185
lhfa,male,1755,1,108.6818,0.04185
lhfa,male,1756,1,108.6998,0.04186
lhfa,male,1757,1,108.7179,0.04186
lhfa,male,1758,1,108.7359,0.04187
lhfa,male,1759,1,108.7539,0.04187
lhfa,male,1760,1,108.772,0.04188
lhfa,male,1761,1,108.79,0.04188
lhfa,male,1762,1,108.808,0.04188
lhfa,male,1763,1,108.8261,0.04189
lhfa,male,1764,1,108.8441,0.04189
lhfa,male,1765,1,108.8621,0.0419
lhfa,male,1766,1,108.8801,0.0419
lhfa,male,1767,1,108.8982,0.0419
lhfa,male,1768,1,108.9162,0.04191
lhfa,male,1769,1,108.9342,0.04191
lhfa,male,1770,1,108.9522,0.04192
lhfa,male,1771,1,108.9702,0.04192
lhfa,male,1772,1,108.9883,0.04192
lhfa,male,1773,1,109.0063,0.04193
lhfa,male,1774,1,109.0243,0.04193
lhfa,male,1775,1,109.0423,0.04194
lhfa,male,1776,1,109.0603,0.04194
lhfa,male,1777,1,109.0783,0.04194
lhfa,male,1778,1,109.0963,0.04195
lhfa,male,1779,1,109.1144,0.04195
lhfa,male,1780,1,109.1324,0.04196
lhfa,male,1781,1,109.1504,0.04196
lhfa,male,1782,1,109.1684,0.04196
lhfa,male,1783,1,109.1864,0.04197
lhfa,male,1784,1,109.2044,0.04197
lhfa,male,1785,1,109.2224,0.04198
lhfa,male,1786,1,109.2404,0.04198
lhfa,male,1787,1,109.2584,0.04198
lhfa,male,1788,1,109.2764,0.04199
lhfa,male,1789,1,109.2944,0.04199
lhfa,male,1790,1,109.3124,0.042
lhfa,male,1791,1,109.3304,0.042
lhfa,male,1792,1,109.3484,0.042
lhfa,male,1793,1,109.3664,0.04201
lhfa,male,1794,1,109.3843,0.04201
lhfa,male,1795,1,109.4023,0.04202
lhfa,male,1796,1,109.4203,0.04202
lhfa,male,1797,1,109.4383,0.04202
lhfa,male,1798,1,109.4563,0.04203
lhfa,male,1799,1,109.4743,0.04203
lhfa,male,1800,1,109.4923,0.04204
lhfa,male,1801,1,109.5102,0.04204
lhfa,male,1802,1,109.5282,0.04204
lhfa,male,1803,1,109.5462,0.04205
lhfa,male,1804,1,109.5642,0.04205
lhfa,male,1805,1,109.5822,0.04206
lhfa,male,1806,1,109.6001,0.04206
lhfa,male,1807,1,109.6181,0.04206
lhfa,male,1808,1,109.6361,0.04207
lhfa,male,1809,1,109.654,0.04207
lhfa,male,1810,1,109.672,0.04208
lhfa,male,1811,1,109.69,0.04208
lhfa,male,1812,1,109.7079,0.04208
lhfa,male,1813,1,109.7259,0.04209
lhfa,male,1814,1,109.7439,0.04209
lhfa,male,1815,1,109.7618,0.0421
lhfa,male,1816,1,109.7798,0.0421
lhfa,male,1817,1,109.7978,0.0421
lhfa,male,1818,1,109.8157,0.04211
lhfa,male,1819,1,109.8337,0.04211
lhfa,male,1820,1,109.8516,0.04212
lhfa,male,1821,1,109.8696,0.04212
lhfa,male,1822,1,109.8875,0.04212
lhfa,male,1823,1,109.9055,0.04213
lhfa,male,1824,1,109.9234,0.04213
lhfa,male,1825,1,109.9414,0.04214
lhfa,male,1826,1,109.9593,0.04214
lhfa,male,1827,1,109.9773,0.04214
lhfa,male,1828,1,109.9952,0.04215
lhfa,male,1829,1,110.0131,0.04215
lhfa,male,1830,1,110.0311,0.04216
lhfa,male,1831,1,110.049,0.04216
lhfa,male,1832,1,110.0669,0.04216
lhfa,male,1833,1,110.0849,0.04217
lhfa,male,1834,1,110.1028,0.04217
lhfa,male,1835,1,110.1207,0.04218
lhfa,male,1836,1,110.1387,0.04218
lhfa,male,1837,1,110.1566,0.04218
lhfa,male,1838,1,110.1745,0.04219
lhfa,male,1839,1,110.1924,0.04219
lhfa,male,1840,1,110.2104,0.0422
lhfa,male,1841,1,110.2283,0.0422
lhfa,male,1842,1,110.2462,0.0422
lhfa,male,1843,1,110.2641,0.04221
lhfa,male,1844,1,110.282,0.04221
lhfa,male,1845,1,110.3,0.04222
lhfa,male,1846,1,110.3179,0.04222
lhfa,male,1847,1,110.3358,0.04222
lhfa,male,1848,1,110.3537,0.04223
lhfa,male,1849,1,110.3716,0.04223
lhfa,male,1850,1,110.3895,0.04223
lhfa,male,1851,1,110.4074,0.04224
lhfa,male,1852,1,110.4253,0.04224
lhfa,male,1853,1,110.4432,0.04225
lhfa,male,1854,1,110.4611,0.04225
lhfa,male,1855,1,110.479,0.04225
lhfa,male,1856,1,110.4969,0.04226
lhfa,female,0,1,49.1477,0.0379
lhfa,female,1,1,49.3166,0.03783
lhfa,female,2,1,49.4854,0.03776
lhfa,female,3,1,49.6543,0.0377
lhfa,female,4,1,49.8232,0.03763
lhfa,female,5,1,49.9921,0.03756
lhfa,female,6,1,50.1609,0.03749
lhfa,female,7,1,50.3298,0.03742
lhfa,female,8,1,50.4987,0.03735
lhfa,female,9,1,50.6676,0.03728
lhfa,female,10,1,50.8365,0.03722
lhfa,female,11,1,51.0053,0.03715
lhfa,female,12,1,51.1742,0.03708
lhfa,female,13,1,51.3431,0.03701
lhfa,female,14,1,51.512,0.03694
lhfa,female,15,1,51.651,0.0369
lhfa,female,16,1,51.7895,0.03687
lhfa,female,17,1,51.9272,0.03683
lhfa,female,18,1,52.0641,0.0368
lhfa,female,19,1,52.2002,0.03676
lhfa,female,20,1,52.3353,0.03673
lhfa,female,21,1,52.4695,0.03669
lhfa,female,22,1,52.6027,0.03666
lhfa,female,23,1,52.7349,0.03663
lhfa,female,24,1,52.8661,0.0366
lhfa,female,25,1,52.9963,0.03656
lhfa,female,26,1,53.1255,0.03653
lhfa,female,27,1,53.2537,0.0365
lhfa,female,28,1,53.3809,0.03647
lhfa,female,29,1,53.5072,0.03644
lhfa,female,30,1,53.6326,0.03641
lhfa,female,31,1,53.7571,0.03638
lhfa,female,32,1,53.8806,0.03636
lhfa,female,33,1,54.0031,0.03633
lhfa,female,34,1,54.1247,0.0363
lhfa,female,35,1,54.2454,0.03627
lhfa,female,36,1,54.3651,0.03625
lhfa,female,37,1,54.4839,0.03622
lhfa,female,38,1,54.6018,0.03619
lhfa,female,39,1,54.7187,0.03617
lhfa,female,40,1,54.8348,0.03614
lhfa,female,41,1,54.9499,0.03612
lhfa,female,42,1,55.0642,0.03609
lhfa,female,43,1,55.1777,0.03607
lhfa,female,44,1,55.2903,0.03604
lhfa,female,45,1,55.4021,0.03602
lhfa,female,46,1,55.513,0.036
lhfa,female,47,1,55.623,0.03597
lhfa,female,48,1,55.7322,0.03595
lhfa,female,49,1,55.8406,0.03593
lhfa,female,50,1,55.9482,0.03591
lhfa,female,51,1,56.0549,0.03588
lhfa,female,52,1,56.1609,0.03586
lhfa,female,53,1,56.266,0.03584
lhfa,female,54,1,56.3704,0.03582
lhfa,female,55,1,56.4739,0.0358
lhfa,female,56,1,56.5767,0.03578
lhfa,female,57,1,56.6788,0.03576
lhfa,female,58,1,56.78,0.03574
lhfa,female,59,1,56.8806,0.03572
lhfa,female,60,1,56.9805,0.0357
lhfa,female,61,1,57.0796,0.03568
lhfa,female,62,1,57.1782,0.03566
lhfa,female,63,1,57.2761,0.03564
lhfa,female,64,1,57.3733,0.03562
lhfa,female,65,1,57.4699,0.03561
lhfa,female,66,1,57.5659,0.03559
lhfa,female,67,1,57.6613,0.03557
lhfa,female,68,1,57.756,0.03555
lhfa,female,69,1,57.8501,0.03553
lhfa,female,70,1,57.9436,0.03552
lhfa,female,71,1,58.0365,0.0355
lhfa,female,72,1,58.1288,0.03548
lhfa,female,73,1,58.2206,0.03547
lhfa,female,74,1,58.3117,0.03545
lhfa,female,75,1,58.4022,0.03543
lhfa,female,76,1,58.4922,0.03542
lhfa,female,77,1,58.5816,0.0354
lhfa,female,78,1,58.6705,0.03539
lhfa,female,79,1,58.7588,0.03537
lhfa,female,80,1,58.8465,0.03536
lhfa,female,81,1,58.9337,0.03534
lhfa,female,82,1,59.0204,0.03533
lhfa,female,83,1,59.1066,0.03531
lhfa,female,84,1,59.1922,0.0353
lhfa,female,85,1,59.2773,0.03528
lhfa,female,86,1,59.3619,0.03527
lhfa,female,87,1,59.4459,0.03526
lhfa,female,88,1,59.5295,0.03524
lhfa,female,89,1,59.6126,0.03523
lhfa,female,90,1,59.6952,0.03521
lhfa,female,91,1,59.7773,0.0352
lhfa,female,92,1,59.8589,0.03519
lhfa,female,93,1,59.9401,0.03517
lhfa,female,94,1,60.0209,0.03516
lhfa,female,95,1,60.1011,0.03515
lhfa,female,96,1,60.181,0.03514
lhfa,female,97,1,60.2603,0.03512
lhfa,female,98,1,60.3393,0.03511
lhfa,female,99,1,60.4178,0.0351
lhfa,female,100,1,60.4958,0.03509
lhfa,female,101,1,60.5734,0.03508
lhfa,female,102,1,60.6506,0.03506
lhfa,female,103,1,60.7273,0.03505
lhfa,female,104,1,60.8036,0.03504
lhfa,female,105,1,60.8795,0.03503
lhfa,female,106,1,60.955,0.03502
lhfa,female,107,1,61.0301,0.03501
lhfa,female,108,1,61.1047,0.035
lhfa,female,109,1,61.1789,0.03499
lhfa,female,110,1,61.2527,0.03497
lhfa,female,111,1,61.3261,0.03496
lhfa,female,112,1,61.3991,0.03495
lhfa,female,113,1,61.4717,0.03494
lhfa,female,114,1,61.5439,0.03493
lhfa,female,115,1,61.6156,0.03492
lhfa,female,116,1,61.687,0.03491
lhfa,female,117,1,61.758,0.0349
lhfa,female,118,1,61.8286,0.03489
lhfa,female,119,1,61.8988,0.03488
lhfa,female,120,1,61.9686,0.03487
lhfa,female,121,1,62.0381,0.03487
lhfa,female,122,1,62.1071,0.03486
lhfa,female,123,1,62.1758,0.03485
lhfa,female,124,1,62.2441,0.03484
lhfa,female,125,1,62.312,0.03483
lhfa,female,126,1,62.3795,0.03482
lhfa,female,127,1,62.4467,0.03481
lhfa,female,128,1,62.5135,0.0348
lhfa,female,129,1,62.58,0.03479
lhfa,female,130,1,62.6461,0.03479
lhfa,female,131,1,62.7118,0.03478
lhfa,female,132,1,62.7772,0.03477
lhfa,female,133,1,62.8423,0.03476
lhfa,female,134,1,62.907,0.03475
lhfa,female,135,1,62.9714,0.03475
lhfa,female,136,1,63.0354,0.03474
lhfa,female,137,1,63.0991,0.03473
lhfa,female,138,1,63.1626,0.03472
lhfa,female,139,1,63.2257,0.03471
lhfa,female,140,1,63.2884,0.03471
lhfa,female,141,1,63.3509,0.0347
lhfa,female,142,1,63.4131,0.03469
lhfa,female,143,1,63.475,0.03469
lhfa,female,144,1,63.5365,0.03468
lhfa,female,145,1,63.5978,0.03467
lhfa,female,146,1,63.6588,0.03467
lhfa,female,147,1,63.7196,0.03466
lhfa,female,148,1,63.78,0.03465
lhfa,female,149,1,63.8402,0.03465
lhfa,female,150,1,63.9,0.03464
lhfa,female,151,1,63.9597,0.03463
lhfa,female,152,1,64.019,0.03463
lhfa,female,153,1,64.0781,0.03462
lhfa,female,154,1,64.137,0.03461
lhfa,female,155,1,64.1956,0.03461
lhfa,female,156,1,64.2539,0.0346
lhfa,female,157,1,64.312,0.0346
lhfa,female,158,1,64.3699,0.03459
lhfa,female,159,1,64.4276,0.03459
lhfa,female,160,1,64.485,0.03458
lhfa,female,161,1,64.5422,0.03457
lhfa,female,162,1,64.5991,0.03457
lhfa,female,163,1,64.6559,0.03456
lhfa,female,164,1,64.7124,0.03456
lhfa,female,165,1,64.7688,0.03455
lhfa,female,166,1,64.8249,0.03455
lhfa,female,167,1,64.8808,0.03454
lhfa,female,168,1,64.9366,0.03454
lhfa,female,169,1,64.9921,0.03453
lhfa,female,170,1,65.0474,0.03453
lhfa,female,171,1,65.1026,0.03453
lhfa,female,172,1,65.1576,0.03452
lhfa,female,173,1,65.2123,0.03452
lhfa,female,174,1,65.267,0.03451
lhfa,female,175,1,65.3214,0.03451
lhfa,female,176,1,65.3757,0.0345
lhfa,female,177,1,65.4298,0.0345
lhfa,female,178,1,65.4837,0.0345
lhfa,female,179,1,65.5375,0.03449
lhfa,female,180,1,65.5911,0.03449
lhfa,female,181,1,65.6445,0.03449
lhfa,female,182,1,65.6978,0.03448
lhfa,female,183,1,65.751,0.03448
lhfa,female,184,1,65.804,0.03447
lhfa,female,185,1,65.8568,0.03447
lhfa,female,186,1,65.9095,0.03447
lhfa,female,187,1,65.9621,0.03447
lhfa,female,188,1,66.0145,0.03446
lhfa,female,189,1,66.0668,0.03446
lhfa,female,190,1,66.1189,0.03446
lhfa,female,191,1,66.1709,0.03445
lhfa,female,192,1,66.2228,0.03445
lhfa,female,193,1,66.2745,0.03445
lhfa,female,194,1,66.3261,0.03444
lhfa,female,195,1,66.3776,0.03444
lhfa,female,196,1,66.429,0.03444
lhfa,female,197,1,66.4802,0.03444
lhfa,female,198,1,66.5313,0.03444
lhfa,female,199,1,66.5823,0.03443
lhfa,female,200,1,66.6331,0.03443
lhfa,female,201,1,66.6839,0.03443
lhfa,female,202,1,66.7345,0.03443
lhfa,female,203,1,66.785,0.03442
lhfa,female,204,1,66.8354,0.03442
lhfa,female,205,1,66.8857,0.03442
lhfa,female,206,1,66.9359,0.03442
lhfa,female,207,1,66.9859,0.03442
lhfa,female,208,1,67.0359,0.03442
lhfa,female,209,1,67.0858,0.03441
lhfa,female,210,1,67.1355,0.03441
lhfa,female,211,1,67.1852,0.03441
lhfa,female,212,1,67.2347,0.03441
lhfa,female,213,1,67.2842,0.03441
lhfa,female,214,1,67.3335,0.03441
lhfa,female,215,1,67.3828,0.03441
lhfa,female,216,1,67.432,0.03441
lhfa,female,217,1,67.481,0.0344
lhfa,female,218,1,67.53,0.0344
lhfa,female,219,1,67.5789,0.0344
lhfa,female,220,1,67.6277,0.0344
lhfa,female,221,1,67.6764,0.0344
lhfa,female,222,1,67.725,0.0344
lhfa,female,223,1,67.7735,0.0344
lhfa,female,224,1,67.8219,0.0344
lhfa,female,225,1,67.8703,0.0344
lhfa,female,226,1,67.9185,0.0344
lhfa,female,227,1,67.9667,0.0344
lhfa,female,228,1,68.0148,0.0344
lhfa,female,229,1,68.0628,0.0344
lhfa,female,230,1,68.1107,0.0344
lhfa,female,231,1,68.1585,0.0344
lhfa,female,232,1,68.2063,0.0344
lhfa,female,233,1,68.254,0.0344
lhfa,female,234,1,68.3016,0.0344
lhfa,female,235,1,68.3491,0.0344
lhfa,female,236,1,68.3965,0.0344
lhfa,female,237,1,68.4439,0.0344
lhfa,female,238,1,68.4911,0.0344
lhfa,female,239,1,68.5383,0.0344
lhfa,female,240,1,68.5855,0.0344
lhfa,female,241,1,68.6325,0.0344
lhfa,female,242,1,68.6795,0.0344
lhfa,female,243,1,68.7264,0.0344
lhfa,female,244,1,68.7732,0.0344
lhfa,female,245,1,68.82,0.0344
lhfa,female,246,1,68.8666,0.0344
lhfa,female,247,1,68.9133,0.0344
lhfa,female,248,1,68.9598,0.0344
lhfa,female,249,1,69.0063,0.0344
lhfa,female,250,1,69.0527,0.0344
lhfa,female,251,1,69.099,0.03441
lhfa,female,252,1,69.1452,0.03441
lhfa,female,253,1,69.1914,0.03441
lhfa,female,254,1,69.2376,0.03441
lhfa,female,255,1,69.2836,0.03441
lhfa,female,256,1,69.3296,0.03441
lhfa,female,257,1,69.3755,0.03441
lhfa,female,258,1,69.4214,0.03441
lhfa,female,259,1,69.4672,0.03441
lhfa,female,260,1,69.5129,0.03442
lhfa,female,261,1,69.5585,0.03442
lhfa,female,262,1,69.6041,0.03442
lhfa,female,263,1,69.6496,0.03442
lhfa,female,264,1,69.6951,0.03442
lhfa,female,265,1,69.7405,0.03442
lhfa,female,266,1,69.7858,0.03443
lhfa,female,267,1,69.8311,0.03443
lhfa,female,268,1,69.8763,0.03443
lhfa,female,269,1,69.9215,0.03443
lhfa,female,270,1,69.9666,0.03443
lhfa,female,271,1,70.0116,0.03444
lhfa,female,272,1,70.0566,0.03444
lhfa,female,273,1,70.1015,0.03444
lhfa,female,274,1,70.1463,0.03444
lhfa,female,275,1,70.1911,0.03444
lhfa,female,276,1,70.2358,0.03445
lhfa,female,277,1,70.2805,0.03445
lhfa,female,278,1,70.3251,0.03445
lhfa,female,279,1,70.3697,0.03445
lhfa,female,280,1,70.4142,0.03445
lhfa,female,281,1,70.4586,0.03446
lhfa,female,282,1,70.503,0.03446
lhfa,female,283,1,70.5474,0.03446
lhfa,female,284,1,70.5917,0.03446
lhfa,female,285,1,70.6359,0.03447
lhfa,female,286,1,70.68,0.03447
lhfa,female,287,1,70.7241,0.03447
lhfa,female,288,1,70.7682,0.03448
lhfa,female,289,1,70.8122,0.03448
lhfa,female,290,1,70.8561,0.03448
lhfa,female,291,1,70.9,0.03448
lhfa,female,292,1,70.9439,0.03449
lhfa,female,293,1,70.9876,0.03449
lhfa,female,294,1,71.0314,0.03449
lhfa,female,295,1,71.075,0.0345
lhfa,female,296,1,71.1187,0.0345
lhfa,female,297,1,71.1622,0.0345
lhfa,female,298,1,71.2057,0.0345
lhfa,female,299,1,71.2492,0.03451
lhfa,female,300,1,71.2926,0.03451
lhfa,female,301,1,71.3359,0.03451
lhfa,female,302,1,71.3792,0.03452
lhfa,female,303,1,71.4224,0.03452
lhfa,female,304,1,71.4656,0.03452
lhfa,female,305,1,71.5088,0.03453
lhfa,female,306,1,71.5518,0.03453
lhfa,female,307,1,71.5949,0.03453
lhfa,female,308,1,71.6378,0.03454
lhfa,female,309,1,71.6808,0.03454
lhfa,female,310,1,71.7236,0.03454
lhfa,female,311,1,71.7664,0.03455
lhfa,female,312,1,71.8092,0.03455
lhfa,female,313,1,71.8519,0.03456
lhfa,female,314,1,71.8946,0.03456
lhfa,female,315,1,71.9372,0.03456
lhfa,female,316,1,71.9798,0.03457
lhfa,female,317,1,72.0223,0.03457
lhfa,female,318,1,72.0647,0.03457
lhfa,female,319,1,72.1071,0.03458
lhfa,female,320,1,72.1495,0.03458
lhfa,female,321,1,72.1918,0.03459
lhfa,female,322,1,72.234,0.03459
lhfa,female,323,1,72.2762,0.03459
lhfa,female,324,1,72.3184,0.0346
lhfa,female,325,1,72.3605,0.0346
lhfa,female,326,1,72.4025,0.03461
lhfa,female,327,1,72.4445,0.03461
lhfa,female,328,1,72.4865,0.03461
lhfa,female,329,1,72.5284,0.03462
lhfa,female,330,1,72.5702,0.03462
lhfa,female,331,1,72.612,0.03463
lhfa,female,332,1,72.6538,0.03463
lhfa,female,333,1,72.6955,0.03464
lhfa,female,334,1,72.7372,0.03464
lhfa,female,335,1,72.7788,0.03464
lhfa,female,336,1,72.8203,0.03465
lhfa,female,337,1,72.8618,0.03465
lhfa,female,338,1,72.9033,0.03466
lhfa,female,339,1,72.9447,0.03466
lhfa,female,340,1,72.9861,0.03467
lhfa,female,341,1,73.0274,0.03467
lhfa,female,342,1,73.0686,0.03468
lhfa,female,343,1,73.1099,0.03468
lhfa,female,344,1,73.151,0.03469
lhfa,female,345,1,73.1922,0.03469
lhfa,female,346,1,73.2332,0.03469
lhfa,female,347,1,73.2743,0.0347
lhfa,female,348,1,73.3152,0.0347
lhfa,female,349,1,73.3562,0.03471
lhfa,female,350,1,73.3971,0.03471
lhfa,female,351,1,73.4379,0.03472
lhfa,female,352,1,73.4787,0.03472
lhfa,female,353,1,73.5195,0.03473
lhfa,female,354,1,73.5602,0.03473
lhfa,female,355,1,73.6008,0.03474
lhfa,female,356,1,73.6414,0.03474
lhfa,female,357,1,73.682,0.03475
lhfa,female,358,1,73.7225,0.03475
lhfa,female,359,1,73.763,0.03476
lhfa,female,360,1,73.8034,0.03476
lhfa,female,361,1,73.8438,0.03477
lhfa,female,362,1,73.8842,0.03477
lhfa,female,363,1,73.9245,0.03478
lhfa,female,364,1,73.9647,0.03478
lhfa,female,365,1,74.0049,0.03479
lhfa,female,366,1,74.0451,0.03479
lhfa,female,367,1,74.0852,0.0348
lhfa,female,368,1,74.1253,0.0348
lhfa,female,369,1,74.1653,0.03481
lhfa,female,370,1,74.2053,0.03482
lhfa,female,371,1,74.2452,0.03482
lhfa,female,372,1,74.2851,0.03483
lhfa,female,373,1,74.325,0.03483
lhfa,female,374,1,74.3648,0.03484
lhfa,female,375,1,74.4045,0.03484
lhfa,female,376,1,74.4443,0.03485
lhfa,female,377,1,74.4839,0.03485
lhfa,female,378,1,74.5236,0.03486
lhfa,female,379,1,74.5632,0.03486
lhfa,female,380,1,74.6027,0.03487
lhfa,female,381,1,74.6422,0.03488
lhfa,female,382,1,74.6817,0.03488
lhfa,female,383,1,74.7211,0.03489
lhfa,female,384,1,74.7605,0.03489
lhfa,female,385,1,74.7998,0.0349
lhfa,female,386,1,74.8391,0.0349
lhfa,female,387,1,74.8784,0.03491
lhfa,female,388,1,74.9176,0.03491
lhfa,female,389,1,74.9567,0.03492
lhfa,female,390,1,74.9959,0.03493
lhfa,female,391,1,75.0349,0.03493
lhfa,female,392,1,75.074,0.03494
lhfa,female,393,1,75.113,0.03494
lhfa,female,394,1,75.1519,0.03495
lhfa,female,395,1,75.1908,0.03495
lhfa,female,396,1,75.2297,0.03496
lhfa,female,397,1,75.2686,0.03497
lhfa,female,398,1,75.3073,0.03497
lhfa,female,399,1,75.3461,0.03498
lhfa,female,400,1,75.3848,0.03498
lhfa,female,401,1,75.4235,0.03499
lhfa,female,402,1,75.4621,0.035
lhfa,female,403,1,75.5007,0.035
lhfa,female,404,1,75.5392,0.03501
lhfa,female,405,1,75.5777,0.03501
lhfa,female,406,1,75.6162,0.03502
lhfa,female,407,1,75.6546,0.03503
lhfa,female,408,1,75.693,0.03503
lhfa,female,409,1,75.7313,0.03504
lhfa,female,410,1,75.7696,0.03504
lhfa,female,411,1,75.8079,0.03505
lhfa,female,412,1,75.8461,0.03506
lhfa,female,413,1,75.8843,0.03506
lhfa,female,414,1,75.9224,0.03507
lhfa,female,415,1,75.9605,0.03507
lhfa,female,416,1,75.9986,0.03508
lhfa,female,417,1,76.0366,0.03509
lhfa,female,418,1,76.0746,0.03509
lhfa,female,419,1,76.1125,0.0351
lhfa,female,420,1,76.1504,0.03511
lhfa,female,421,1,76.1883,0.03511
lhfa,female,422,1,76.2261,0.03512
lhfa,female,423,1,76.2639,0.03512
lhfa,female,424,1,76.3016,0.03513
lhfa,female,425,1,76.3393,0.03514
lhfa,female,426,1,76.377,0.03514
lhfa,female,427,1,76.4146,0.03515
lhfa,female,428,1,76.4522,0.03516
lhfa,female,429,1,76.4897,0.03516
lhfa,female,430,1,76.5272,0.03517
lhfa,female,431,1,76.5647,0.03518
lhfa,female,432,1,76.6021,0.03518
lhfa,female,433,1,76.6395,0.03519
lhfa,female,434,1,76.6769,0.03519
lhfa,female,435,1,76.7142,0.0352
lhfa,female,436,1,76.7515,0.03521
lhfa,female,437,1,76.7887,0.03521
lhfa,female,438,1,76.8259,0.03522
lhfa,female,439,1,76.8631,0.03523
lhfa,female,440,1,76.9002,0.03523
lhfa,female,441,1,76.9373,0.03524
lhfa,female,442,1,76.9744,0.03525
lhfa,female,443,1,77.0114,0.03525
lhfa,female,444,1,77.0484,0.03526
lhfa,female,445,1,77.0853,0.03527
lhfa,female,446,1,77.1222,0.03527
lhfa,female,447,1,77.1591,0.03528
lhfa,female,448,1,77.1959,0.03529
lhfa,female,449,1,77.2327,0.03529
lhfa,female,450,1,77.2695,0.0353
lhfa,female,451,1,77.3062,0.0353
lhfa,female,452,1,77.3429,0.03531
lhfa,female,453,1,77.3796,0.03532
lhfa,female,454,1,77.4162,0.03532
lhfa,female,455,1,77.4528,0.03533
lhfa,female,456,1,77.4893,0.03534
lhfa,female,457,1,77.5258,0.03534
lhfa,female,458,1,77.5623,0.03535
lhfa,female,459,1,77.5988,0.03536
lhfa,female,460,1,77.6352,0.03536
lhfa,female,461,1,77.6716,0.03537
lhfa,female,462,1,77.7079,0.03538
lhfa,female,463,1,77.7442,0.03538
lhfa,female,464,1,77.7805,0.03539
lhfa,female,465,1,77.8167,0.0354
lhfa,female,466,1,77.8529,0.0354
lhfa,female,467,1,77.8891,0.03541
lhfa,female,468,1,77.9252,0.03542
lhfa,female,469,1,77.9613,0.03543
lhfa,female,470,1,77.9974,0.03543
lhfa,female,471,1,78.0334,0.03544
lhfa,female,472,1,78.0694,0.03545
lhfa,female,473,1,78.1054,0.03545
lhfa,female,474,1,78.1413,0.03546
lhfa,female,475,1,78.1772,0.03547
lhfa,female,476,1,78.2131,0.03547
lhfa,female,477,1,78.249,0.03548
lhfa,female,478,1,78.2848,0.03549
lhfa,female,479,1,78.3205,0.03549
lhfa,female,480,1,78.3563,0.0355
lhfa,female,481,1,78.392,0.03551
lhfa,female,482,1,78.4276,0.03551
lhfa,female,483,1,78.4633,0.03552
lhfa,female,484,1,78.4989,0.03553
lhfa,female,485,1,78.5345,0.03553
lhfa,female,486,1,78.57,0.03554
lhfa,female,487,1,78.6055,0.03555
lhfa,female,488,1,78.641,0.03556
lhfa,female,489,1,78.6764,0.03556
lhfa,female,490,1,78.7118,0.03557
lhfa,female,491,1,78.7472,0.03558
lhfa,female,492,1,78.7826,0.03558
lhfa,female,493,1,78.8179,0.03559
lhfa,female,494,1,78.8532,0.0356
lhfa,female,495,1,78.8884,0.0356
lhfa,female,496,1,78.9236,0.03561
lhfa,female,497,1,78.9588,0.03562
lhfa,female,498,1,78.994,0.03562
lhfa,female,499,1,79.0291,0.03563
lhfa,female,500,1,79.0642,0.03564
lhfa,female,501,1,79.0993,0.03565
lhfa,female,502,1,79.1343,0.03565
lhfa,female,503,1,79.1693,0.03566
lhfa,female,504,1,79.2042,0.03567
lhfa,female,505,1,79.2392,0.03567
lhfa,female,506,1,79.2741,0.03568
lhfa,female,507,1,79.3089,0.03569
lhfa,female,508,1,79.3438,0.03569
lhfa,female,509,1,79.3786,0.0357
lhfa,female,510,1,79.4134,0.03571
lhfa,female,511,1,79.4481,0.03572
lhfa,female,512,1,79.4828,0.03572
lhfa,female,513,1,79.5175,0.03573
lhfa,female,514,1,79.5521,0.03574
lhfa,female,515,1,79.5868,0.03574
lhfa,female,516,1,79.6213,0.03575
lhfa,female,517,1,79.6559,0.03576
lhfa,female,518,1,79.6904,0.03577
lhfa,female,519,1,79.7249,0.03577
lhfa,female,520,1,79.7594,0.03578
lhfa,female,521,1,79.7938,0.03579
lhfa,female,522,1,79.8282,0.03579
lhfa,female,523,1,79.8626,0.0358
lhfa,female,524,1,79.8969,0.03581
lhfa,female,525,1,79.9312,0.03582
lhfa,female,526,1,79.9655,0.03582
lhfa,female,527,1,79.9998,0.03583
lhfa,female,528,1,80.034,0.03584
lhfa,female,529,1,80.0682,0.03584
lhfa,female,530,1,80.1023,0.03585
lhfa,female,531,1,80.1365,0.03586
lhfa,female,532,1,80.1706,0.03587
lhfa,female,533,1,80.2046,0.03587
lhfa,female,534,1,80.2387,0.03588
lhfa,female,535,1,80.2727,0.03589
lhfa,female,536,1,80.3067,0.03589
lhfa,female,537,1,80.3406,0.0359
lhfa,female,538,1,80.3745,0.03591
lhfa,female,539,1,80.4084,0.03592
lhfa,female,540,1,80.4423,0.03592
lhfa,female,541,1,80.4761,0.03593
lhfa,female,542,1,80.5099,0.03594
lhfa,female,543,1,80.5437,0.03594
lhfa,female,544,1,80.5774,0.03595
lhfa,female,545,1,80.6112,0.03596
lhfa,female,546,1,80.6448,0.03597
lhfa,female,547,1,80.6785,0.03597
lhfa,female,548,1,80.7121,0.03598
lhfa,female,549,1,80.7457,0.03599
lhfa,female,550,1,80.7793,0.036
lhfa,female,551,1,80.8128,0.036
lhfa,female,552,1,80.8464,0.03601
lhfa,female,553,1,80.8798,0.03602
lhfa,female,554,1,80.9133,0.03602
lhfa,female,555,1,80.9467,0.03603
lhfa,female,556,1,80.9801,0.03604
lhfa,female,557,1,81.0135,0.03605
lhfa,female,558,1,81.0468,0.03605
lhfa,female,559,1,81.0802,0.03606
lhfa,female,560,1,81.1134,0.03607
lhfa,female,561,1,81.1467,0.03608
lhfa,female,562,1,81.1799,0.03608
lhfa,female,563,1,81.2131,0.03609
lhfa,female,564,1,81.2463,0.0361
lhfa,female,565,1,81.2795,0.03611
lhfa,female,566,1,81.3126,0.03611
lhfa,female,567,1,81.3457,0.03612
lhfa,female,568,1,81.3788,0.03613
lhfa,female,569,1,81.4118,0.03613
lhfa,female,570,1,81.4448,0.03614
lhfa,female,571,1,81.4778,0.03615
lhfa,female,572,1,81.5108,0.03616
lhfa,female,573,1,81.5437,0.03616
lhfa,female,574,1,81.5766,0.03617
lhfa,female,575,1,81.6095,0.03618
lhfa,female,576,1,81.6423,0.03619
lhfa,female,577,1,81.6752,0.03619
lhfa,female,578,1,81.708,0.0362
lhfa,female,579,1,81.7407,0.03621
lhfa,female,580,1,81.7735,0.03622
lhfa,female,581,1,81.8062,0.03622
lhfa,female,582,1,81.8389,0.03623
lhfa,female,583,1,81.8715,0.03624
lhfa,female,584,1,81.9042,0.03624
lhfa,female,585,1,81.9368,0.03625
lhfa,female,586,1,81.9694,0.03626
lhfa,female,587,1,82.0019,0.03627
lhfa,female,588,1,82.0345,0.03627
lhfa,female,589,1,82.067,0.03628
lhfa,female,590,1,82.0994,0.03629
lhfa,female,591,1,82.1319,0.0363
lhfa,female,592,1,82.1643,0.0363
lhfa,female,593,1,82.1967,0.03631
lhfa,female,594,1,82.2291,0.03632
lhfa,female,595,1,82.2614,0.03633
lhfa,female,596,1,82.2938,0.03633
lhfa,female,597,1,82.3261,0.03634
lhfa,female,598,1,82.3583,0.03635
lhfa,female,599,1,82.3906,0.03636
lhfa,female,600,1,82.4228,0.03636
lhfa,female,601,1,82.455,0.03637
lhfa,female,602,1,82.4872,0.03638
lhfa,female,603,1,82.5193,0.03639
lhfa,female,604,1,82.5514,0.03639
lhfa,female,605,1,82.5835,0.0364
lhfa,female,606,1,82.6156,0.03641
lhfa,female,607,1,82.6476,0.03642
lhfa,female,608,1,82.6796,0.03642
lhfa,female,609,1,82.7116,0.03643
lhfa,female,610,1,82.7436,0.03644
lhfa,female,611,1,82.7755,0.03645
lhfa,female,612,1,82.8074,0.03645
lhfa,female,613,1,82.8393,0.03646
lhfa,female,614,1,82.8712,0.03647
lhfa,female,615,1,82.903,0.03648
lhfa,female,616,1,82.9348,0.03648
lhfa,female,617,1,82.9666,0.03649
lhfa,female,618,1,82.9984,0.0365
lhfa,female,619,1,83.0301,0.0365
lhfa,female,620,1,83.0618,0.03651
lhfa,female,621,1,83.0935,0.03652
lhfa,female,622,1,83.1251,0.03653
lhfa,female,623,1,83.1568,0.03653
lhfa,female,624,1,83.1884,0.03654
lhfa,female,625,1,83.22,0.03655
lhfa,female,626,1,83.2515,0.03656
lhfa,female,627,1,83.2831,0.03656
lhfa,female,628,1,83.3146,0.03657
lhfa,female,629,1,83.3461,0.03658
lhfa,female,630,1,83.3775,0.03659
lhfa,female,631,1,83.4089,0.03659
lhfa,female,632,1,83.4403,0.0366
lhfa,female,633,1,83.4717,0.03661
lhfa,female,634,1,83.5031,0.03662
lhfa,female,635,1,83.5344,0.03662
lhfa,female,636,1,83.5657,0.03663
lhfa,female,637,1,83.597,0.03664
lhfa,female,638,1,83.6283,0.03665
lhfa,female,639,1,83.6595,0.03665
lhfa,female,640,1,83.6907,0.03666
lhfa,female,641,1,83.7219,0.03667
lhfa,female,642,1,83.753,0.03668
lhfa,female,643,1,83.7842,0.03668
lhfa,female,644,1,83.8153,0.03669
lhfa,female,645,1,83.8464,0.0367
lhfa,female,646,1,83.8774,0.03671
lhfa,female,647,1,83.9085,0.03671
lhfa,female,648,1,83.9395,0.03672
lhfa,female,649,1,83.9705,0.03673
lhfa,female,650,1,84.0014,0.03674
lhfa,female,651,1,84.0324,0.03674
lhfa,female,652,1,84.0633,0.03675
lhfa,female,653,1,84.0941,0.03676
lhfa,female,654,1,84.125,0.03677
lhfa,female,655,1,84.1558,0.03677
lhfa,female,656,1,84.1867,0.03678
lhfa,female,657,1,84.2174,0.03679
lhfa,female,658,1,84.2482,0.0368
lhfa,female,659,1,84.2789,0.0368
lhfa,female,660,1,84.3096,0.03681
lhfa,female,661,1,84.3403,0.03682
lhfa,female,662,1,84.371,0.03683
lhfa,female,663,1,84.4016,0.03683
lhfa,female,664,1,84.4323,0.03684
lhfa,female,665,1,84.4628,0.03685
lhfa,female,666,1,84.4934,0.03686
lhfa,female,667,1,84.5239,0.03686
lhfa,female,668,1,84.5545,0.03687
lhfa,female,669,1,84.585,0.03688
lhfa,female,670,1,84.6154,0.03689
lhfa,female,671,1,84.6459,0.03689
lhfa,female,672,1,84.6763,0.0369
lhfa,female,673,1,84.7067,0.03691
lhfa,female,674,1,84.737,0.03692
lhfa,female,675,1,84.7674,0.03692
lhfa,female,676,1,84.7977,0.03693
lhfa,female,677,1,84.828,0.03694
lhfa,female,678,1,84.8583,0.03695
lhfa,female,679,1,84.8885,0.03695
lhfa,female,680,1,84.9188,0.03696
lhfa,female,681,1,84.949,0.03697
lhfa,female,682,1,84.9791,0.03698
lhfa,female,683,1,85.0093,0.03698
lhfa,female,684,1,85.0394,0.03699
lhfa,female,685,1,85.0695,0.037
lhfa,female,686,1,85.0996,0.03701
lhfa,female,687,1,85.1297,0.03701
lhfa,female,688,1,85.1597,0.03702
lhfa,female,689,1,85.1897,0.03703
lhfa,female,690,1,85.2197,0.03704
lhfa,female,691,1,85.2497,0.03704
lhfa,female,692,1,85.2796,0.03705
lhfa,female,693,1,85.3096,0.03706
lhfa,female,694,1,85.3395,0.03706
lhfa,female,695,1,85.3693,0.03707
lhfa,female,696,1,85.3992,0.03708
lhfa,female,697,1,85.429,0.03709
lhfa,female,698,1,85.4588,0.03709
lhfa,female,699,1,85.4886,0.0371
lhfa,female,700,1,85.5184,0.03711
lhfa,female,701,1,85.5481,0.03712
lhfa,female,702,1,85.5778,0.03712
lhfa,female,703,1,85.6075,0.03713
lhfa,female,704,1,85.6372,0.03714
lhfa,female,705,1,85.6668,0.03715
lhfa,female,706,1,85.6964,0.03715
lhfa,female,707,1,85.726,0.03716
lhfa,female,708,1,85.7556,0.03717
lhfa,female,709,1,85.7852,0.03718
lhfa,female,710,1,85.8147,0.03718
lhfa,female,711,1,85.8442,0.03719
lhfa,female,712,1,85.8737,0.0372
lhfa,female,713,1,85.9032,0.03721
lhfa,female,714,1,85.9326,0.03721
lhfa,female,715,1,85.9621,0.03722
lhfa,female,716,1,85.9915,0.03723
lhfa,female,717,1,86.0208,0.03724
lhfa,female,718,1,86.0502,0.03724
lhfa,female,719,1,86.0795,0.03725
lhfa,female,720,1,86.1089,0.03726
lhfa,female,721,1,86.1381,0.03727
lhfa,female,722,1,86.1674,0.03727
lhfa,female,723,1,86.1967,0.03728
lhfa,female,724,1,86.2259,0.03729
lhfa,female,725,1,86.2551,0.03729
lhfa,female,726,1,86.2843,0.0373
lhfa,female,727,1,86.3134,0.03731
lhfa,female,728,1,86.3426,0.03732
lhfa,female,729,1,86.3717,0.03732
lhfa,female,730,1,86.4008,0.03733
lhfa,female,731,1,85.7299,0.03764
lhfa,female,732,1,85.7589,0.03765
lhfa,female,733,1,85.788,0.03766
lhfa,female,734,1,85.817,0.03767
lhfa,female,735,1,85.846,0.03767
lhfa,female,736,1,85.8749,0.03768
lhfa,female,737,1,85.9039,0.03769
lhfa,female,738,1,85.9328,0.0377
lhfa,female,739,1,85.9617,0.0377
lhfa,female,740,1,85.9906,0.03771
lhfa,female,741,1,86.0194,0.03772
lhfa,female,742,1,86.0483,0.03772
lhfa,female,743,1,86.0771,0.03773
lhfa,female,744,1,86.1059,0.03774
lhfa,female,745,1,86.1347,0.03775
lhfa,female,746,1,86.1634,0.03775
lhfa,female,747,1,86.1921,0.03776
lhfa,female,748,1,86.2209,0.03777
lhfa,female,749,1,86.2495,0.03778
lhfa,female,750,1,86.2782,0.03778
lhfa,female,751,1,86.3069,0.03779
lhfa,female,752,1,86.3355,0.0378
lhfa,female,753,1,86.3641,0.0378
lhfa,female,754,1,86.3927,0.03781
lhfa,female,755,1,86.4212,0.03782
lhfa,female,756,1,86.4498,0.03783
lhfa,female,757,1,86.4783,0.03783
lhfa,female,758,1,86.5068,0.03784
lhfa,female,759,1,86.5353,0.03785
lhfa,female,760,1,86.5638,0.03786
lhfa,female,761,1,86.5922,0.03786
lhfa,female,762,1,86.6206,0.03787
lhfa,female,763,1,86.649,0.03788
lhfa,female,764,1,86.6774,0.03788
lhfa,female,765,1,86.7057,0.03789
lhfa,female,766,1,86.7341,0.0379
lhfa,female,767,1,86.7624,0.03791
lhfa,female,768,1,86.7907,0.03791
lhfa,female,769,1,86.819,0.03792
lhfa,female,770,1,86.8472,0.03793
lhfa,female,771,1,86.8754,0.03794
lhfa,female,772,1,86.9037,0.03794
lhfa,female,773,1,86.9319,0.03795
lhfa,female,774,1,86.96,0.03796
lhfa,female,775,1,86.9882,0.03796
lhfa,female,776,1,87.0163,0.03797
lhfa,female,777,1,87.0444,0.03798
lhfa,female,778,1,87.0725,0.03799
lhfa,female,779,1,87.1006,0.03799
lhfa,female,780,1,87.1286,0.038
lhfa,female,781,1,87.1567,0.03801
lhfa,female,782,1,87.1847,0.03801
lhfa,female,783,1,87.2126,0.03802
lhfa,female,784,1,87.2406,0.03803
lhfa,female,785,1,87.2686,0.03804
lhfa,female,786,1,87.2965,0.03804
lhfa,female,787,1,87.3244,0.03805
lhfa,female,788,1,87.3523,0.03806
lhfa,female,789,1,87.3801,0.03806
lhfa,female,790,1,87.408,0.03807
lhfa,female,791,1,87.4358,0.03808
lhfa,female,792,1,87.4636,0.03809
lhfa,female,793,1,87.4914,0.03809
lhfa,female,794,1,87.5192,0.0381
lhfa,female,795,1,87.5469,0.03811
lhfa,female,796,1,87.5746,0.03812
lhfa,female,797,1,87.6023,0.03812
lhfa,female,798,1,87.63,0.03813
lhfa,female,799,1,87.6577,0.03814
lhfa,female,800,1,87.6853,0.03814
lhfa,female,801,1,87.7129,0.03815
lhfa,female,802,1,87.7405,0.03816
lhfa,female,803,1,87.7681,0.03817
lhfa,female,804,1,87.7956,0.03817
lhfa,female,805,1,87.8232,0.03818
lhfa,female,806,1,87.8507,0.03819
lhfa,female,807,1,87.8782,0.03819
lhfa,female,808,1,87.9056,0.0382
lhfa,female,809,1,87.9331,0.03821
lhfa,female,810,1,87.9605,0.03821
lhfa,female,811,1,87.9879,0.03822
lhfa,female,812,1,88.0153,0.03823
lhfa,female,813,1,88.0427,0.03824
lhfa,female,814,1,88.07,0.03824
lhfa,female,815,1,88.0974,0.03825
lhfa,female,816,1,88.1247,0.03826
lhfa,female,817,1,88.1519,0.03826
lhfa,female,818,1,88.1792,0.03827
lhfa,female,819,1,88.2065,0.03828
lhfa,female,820,1,88.2337,0.03829
lhfa,female,821,1,88.2609,0.03829
lhfa,female,822,1,88.2881,0.0383
lhfa,female,823,1,88.3152,0.03831
lhfa,female,824,1,88.3423,0.03831
lhfa,female,825,1,88.3695,0.03832
lhfa,female,826,1,88.3966,0.03833
lhfa,female,827,1,88.4236,0.03834
lhfa,female,828,1,88.4507,0.03834
lhfa,female,829,1,88.4777,0.03835
lhfa,female,830,1,88.5047,0.03836
lhfa,female,831,1,88.5317,0.03836
lhfa,female,832,1,88.5587,0.03837
lhfa,female,833,1,88.5856,0.03838
lhfa,female,834,1,88.6126,0.03838
lhfa,female,835,1,88.6395,0.03839
lhfa,female,836,1,88.6664,0.0384
lhfa,female,837,1,88.6932,0.03841
lhfa,female,838,1,88.7201,0.03841
lhfa,female,839,1,88.7469,0.03842
lhfa,female,840,1,88.7737,0.03843
lhfa,female,841,1,88.8005,0.03843
lhfa,female,842,1,88.8273,0.03844
lhfa,female,843,1,88.854,0.03845
lhfa,female,844,1,88.8807,0.03845
lhfa,female,845,1,88.9074,0.03846
lhfa,female,846,1,88.9341,0.03847
lhfa,female,847,1,88.9608,0.03848
lhfa,female,848,1,88.9874,0.03848
lhfa,female,849,1,89.014,0.03849
lhfa,female,850,1,89.0406,0.0385
lhfa,female,851,1,89.0672,0.0385
lhfa,female,852,1,89.0938,0.03851
lhfa,female,853,1,89.1203,0.03852
lhfa,female,854,1,89.1468,0.03852
lhfa,female,855,1,89.1733,0.03853
lhfa,female,856,1,89.1998,0.03854
lhfa,female,857,1,89.2263,0.03855
lhfa,female,858,1,89.2527,0.03855
lhfa,female,859,1,89.2791,0.03856
lhfa,female,860,1,89.3055,0.03857
lhfa,female,861,1,89.3319,0.03857
lhfa,female,862,1,89.3583,0.03858
lhfa,female,863,1,89.3846,0.03859
lhfa,female,864,1,89.4109,0.03859
lhfa,female,865,1,89.4372,0.0386
lhfa,female,866,1,89.4635,0.03861
lhfa,female,867,1,89.4898,0.03861
lhfa,female,868,1,89.516,0.03862
lhfa,female,869,1,89.5422,0.03863
lhfa,female,870,1,89.5684,0.03864
lhfa,female,871,1,89.5946,0.03864
lhfa,female,872,1,89.6208,0.03865
lhfa,female,873,1,89.6469,0.03866
lhfa,female,874,1,89.673,0.03866
lhfa,female,875,1,89.6991,0.03867
lhfa,female,876,1,89.7252,0.03868
lhfa,female,877,1,89.7513,0.03868
lhfa,female,878,1,89.7773,0.03869
lhfa,female,879,1,89.8033,0.0387
lhfa,female,880,1,89.8293,0.0387
lhfa,female,881,1,89.8553,0.03871
lhfa,female,882,1,89.8813,0.03872
lhfa,female,883,1,89.9072,0.03872
lhfa,female,884,1,89.9331,0.03873
lhfa,female,885,1,89.9591,0.03874
lhfa,female,886,1,89.9849,0.03874
lhfa,female,887,1,90.0108,0.03875
lhfa,female,888,1,90.0366,0.03876
lhfa,female,889,1,90.0625,0.03877
lhfa,female,890,1,90.0883,0.03877
lhfa,female,891,1,90.1141,0.03878
lhfa,female,892,1,90.1398,0.03879
lhfa,female,893,1,90.1656,0.03879
lhfa,female,894,1,90.1913,0.0388
lhfa,female,895,1,90.217,0.03881
lhfa,female,896,1,90.2427,0.03881
lhfa,female,897,1,90.2684,0.03882
lhfa,female,898,1,90.294,0.03883
lhfa,female,899,1,90.3197,0.03883
lhfa,female,900,1,90.3453,0.03884
lhfa,female,901,1,90.3709,0.03885
lhfa,female,902,1,90.3965,0.03885
lhfa,female,903,1,90.422,0.03886
lhfa,female,904,1,90.4476,0.03887
lhfa,female,905,1,90.4731,0.03887
lhfa,female,906,1,90.4986,0.03888
lhfa,female,907,1,90.524,0.03889
lhfa,female,908,1,90.5495,0.03889
lhfa,female,909,1,90.575,0.0389
lhfa,female,910,1,90.6004,0.03891
lhfa,female,911,1,90.6258,0.03891
lhfa,female,912,1,90.6512,0.03892
lhfa,female,913,1,90.6765,0.03893
lhfa,female,914,1,90.7019,0.03893
lhfa,female,915,1,90.7272,0.03894
lhfa,female,916,1,90.7525,0.03895
lhfa,female,917,1,90.7778,0.03895
lhfa,female,918,1,90.8031,0.03896
lhfa,female,919,1,90.8283,0.03897
lhfa,female,920,1,90.8536,0.03897
lhfa,female,921,1,90.8788,0.03898
lhfa,female,922,1,90.904,0.03899
lhfa,female,923,1,90.9292,0.03899
lhfa,female,924,1,90.9544,0.039
lhfa,female,925,1,90.9795,0.03901
lhfa,female,926,1,91.0046,0.03901
lhfa,female,927,1,91.0297,0.03902
lhfa,female,928,1,91.0548,0.03903
lhfa,female,929,1,91.0799,0.03903
lhfa,female,930,1,91.105,0.03904
lhfa,female,931,1,91.13,0.03905
lhfa,female,932,1,91.155,0.03905
lhfa,female,933,1,91.18,0.03906
lhfa,female,934,1,91.205,0.03907
lhfa,female,935,1,91.23,0.03907
lhfa,female,936,1,91.2549,0.03908
lhfa,female,937,1,91.2799,0.03909
lhfa,female,938,1,91.3048,0.03909
lhfa,female,939,1,91.3297,0.0391
lhfa,female,940,1,91.3545,0.03911
lhfa,female,941,1,91.3794,0.03911
lhfa,female,942,1,91.4043,0.03912
lhfa,female,943,1,91.4291,0.03913
lhfa,female,944,1,91.4539,0.03913
lhfa,female,945,1,91.4787,0.03914
lhfa,female,946,1,91.5035,0.03915
lhfa,female,947,1,91.5282,0.03915
lhfa,female,948,1,91.553,0.03916
lhfa,female,949,1,91.5777,0.03917
lhfa,female,950,1,91.6024,0.03917
lhfa,female,951,1,91.6271,0.03918
lhfa,female,952,1,91.6518,0.03918
lhfa,female,953,1,91.6764,0.03919
lhfa,female,954,1,91.7011,0.0392
lhfa,female,955,1,91.7257,0.0392
lhfa,female,956,1,91.7503,0.03921
lhfa,female,957,1,91.7749,0.03922
lhfa,female,958,1,91.7995,0.03922
lhfa,female,959,1,91.8241,0.03923
lhfa,female,960,1,91.8486,0.03924
lhfa,female,961,1,91.8731,0.03924
lhfa,female,962,1,91.8976,0.03925
lhfa,female,963,1,91.9221,0.03926
lhfa,female,964,1,91.9466,0.03926
lhfa,female,965,1,91.9711,0.03927
lhfa,female,966,1,91.9955,0.03928
lhfa,female,967,1,92.02,0.03928
lhfa,female,968,1,92.0444,0.03929
lhfa,female,969,1,92.0688,0.03929
lhfa,female,970,1,92.0932,0.0393
lhfa,female,971,1,92.1175,0.03931
lhfa,female,972,1,92.1419,0.03931
lhfa,female,973,1,92.1662,0.03932
lhfa,female,974,1,92.1906,0.03933
lhfa,female,975,1,92.2149,0.03933
lhfa,female,976,1,92.2392,0.03934
lhfa,female,977,1,92.2635,0.03935
lhfa,female,978,1,92.2877,0.03935
lhfa,female,979,1,92.312,0.03936
lhfa,female,980,1,92.3362,0.03936
lhfa,female,981,1,92.3604,0.03937
lhfa,female,982,1,92.3846,0.03938
lhfa,female,983,1,92.4088,0.03938
lhfa,female,984,1,92.433,0.03939
lhfa,female,985,1,92.4572,0.0394
lhfa,female,986,1,92.4813,0.0394
lhfa,female,987,1,92.5054,0.03941
lhfa,female,988,1,92.5295,0.03942
lhfa,female,989,1,92.5536,0.03942
lhfa,female,990,1,92.5777,0.03943
lhfa,female,991,1,92.6018,0.03943
lhfa,female,992,1,92.6259,0.03944
lhfa,female,993,1,92.6499,0.03945
lhfa,female,994,1,92.6739,0.03945
lhfa,female,995,1,92.698,0.03946
lhfa,female,996,1,92.722,0.03947
lhfa,female,997,1,92.7459,0.03947
lhfa,female,998,1,92.7699,0.03948
lhfa,female,999,1,92.7939,0.03948
lhfa,female,1000,1,92.8178,0.03949
lhfa,female,1001,1,92.8418,0.0395
lhfa,female,1002,1,92.8657,0.0395
lhfa,female,1003,1,92.8896,0.03951
lhfa,female,1004,1,92.9135,0.03952
lhfa,female,1005,1,92.9373,0.03952
lhfa,female,1006,1,92.9612,0.03953
lhfa,female,1007,1,92.985,0.03953
lhfa,female,1008,1,93.0089,0.03954
lhfa,female,1009,1,93.0327,0.03955
lhfa,female,1010,1,93.0565,0.03955
lhfa,female,1011,1,93.0803,0.03956
lhfa,female,1012,1,93.1041,0.03957
lhfa,female,1013,1,93.1278,0.03957
lhfa,female,1014,1,93.1516,0.03958
lhfa,female,1015,1,93.1753,0.03958
lhfa,female,1016,1,93.1991,0.03959
lhfa,female,1017,1,93.2228,0.0396
lhfa,female,1018,1,93.2465,0.0396
lhfa,female,1019,1,93.2702,0.03961
lhfa,female,1020,1,93.2938,0.03961
lhfa,female,1021,1,93.3175,0.03962
lhfa,female,1022,1,93.3411,0.03963
lhfa,female,1023,1,93.3648,0.03963
lhfa,female,1024,1,93.3884,0.03964
lhfa,female,1025,1,93.412,0.03964
lhfa,female,1026,1,93.4356,0.03965
lhfa,female,1027,1,93.4592,0.03966
lhfa,female,1028,1,93.4827,0.03966
lhfa,female,1029,1,93.5063,0.03967
lhfa,female,1030,1,93.5298,0.03968
lhfa,female,1031,1,93.5534,0.03968
lhfa,female,1032,1,93.5769,0.03969
lhfa,female,1033,1,93.6004,0.03969
lhfa,female,1034,1,93.6239,0.0397
lhfa,female,1035,1,93.6473,0.03971
lhfa,female,1036,1,93.6708,0.03971
lhfa,female,1037,1,93.6943,0.03972
lhfa,female,1038,1,93.7177,0.03972
lhfa,female,1039,1,93.7411,0.03973
lhfa,female,1040,1,93.7646,0.03974
lhfa,female,1041,1,93.788,0.03974
lhfa,female,1042,1,93.8113,0.03975
lhfa,female,1043,1,93.8347,0.03975
lhfa,female,1044,1,93.8581,0.03976
lhfa,female,1045,1,93.8814,0.03977
lhfa,female,1046,1,93.9048,0.03977
lhfa,female,1047,1,93.9281,0.03978
lhfa,female,1048,1,93.9514,0.03978
lhfa,female,1049,1,93.9747,0.03979
lhfa,female,1050,1,93.998,0.0398
lhfa,female,1051,1,94.0213,0.0398
lhfa,female,1052,1,94.0446,0.03981
lhfa,female,1053,1,94.0678,0.03981
lhfa,female,1054,1,94.0911,0.03982
lhfa,female,1055,1,94.1143,0.03983
lhfa,female,1056,1,94.1376,0.03983
lhfa,female,1057,1,94.1608,0.03984
lhfa,female,1058,1,94.184,0.03984
lhfa,female,1059,1,94.2071,0.03985
lhfa,female,1060,1,94.2303,0.03986
lhfa,female,1061,1,94.2535,0.03986
lhfa,female,1062,1,94.2766,0.03987
lhfa,female,1063,1,94.2998,0.03987
lhfa,female,1064,1,94.3229,0.03988
lhfa,female,1065,1,94.346,0.03989
lhfa,female,1066,1,94.3691,0.03989
lhfa,female,1067,1,94.3922,0.0399
lhfa,female,1068,1,94.4153,0.0399
lhfa,female,1069,1,94.4384,0.03991
lhfa,female,1070,1,94.4615,0.03991
lhfa,female,1071,1,94.4845,0.03992
lhfa,female,1072,1,94.5075,0.03993
lhfa,female,1073,1,94.5306,0.03993
lhfa,female,1074,1,94.5536,0.03994
lhfa,female,1075,1,94.5766,0.03994
lhfa,female,1076,1,94.5996,0.03995
lhfa,female,1077,1,94.6226,0.03996
lhfa,female,1078,1,94.6455,0.03996
lhfa,female,1079,1,94.6685,0.03997
lhfa,female,1080,1,94.6914,0.03997
lhfa,female,1081,1,94.7144,0.03998
lhfa,female,1082,1,94.7373,0.03999
lhfa,female,1083,1,94.7602,0.03999
lhfa,female,1084,1,94.7831,0.04
lhfa,female,1085,1,94.806,0.04
lhfa,female,1086,1,94.8289,0.04001
lhfa,female,1087,1,94.8518,0.04001
lhfa,female,1088,1,94.8747,0.04002
lhfa,female,1089,1,94.8975,0.04003
lhfa,female,1090,1,94.9203,0.04003
lhfa,female,1091,1,94.9432,0.04004
lhfa,female,1092,1,94.966,0.04004
lhfa,female,1093,1,94.9888,0.04005
lhfa,female,1094,1,95.0116,0.04005
lhfa,female,1095,1,95.0344,0.04006
lhfa,female,1096,1,95.0572,0.04007
lhfa,female,1097,1,95.0799,0.04007
lhfa,female,1098,1,95.1027,0.04008
lhfa,female,1099,1,95.1254,0.04008
lhfa,female,1100,1,95.1482,0.04009
lhfa,female,1101,1,95.1709,0.04009
lhfa,female,1102,1,95.1936,0.0401
lhfa,female,1103,1,95.2163,0.04011
lhfa,female,1104,1,95.239,0.04011
lhfa,female,1105,1,95.2617,0.04012
lhfa,female,1106,1,95.2844,0.04012
lhfa,female,1107,1,95.307,0.04013
lhfa,female,1108,1,95.3297,0.04013
lhfa,female,1109,1,95.3523,0.04014
lhfa,female,1110,1,95.375,0.04015
lhfa,female,1111,1,95.3976,0.04015
lhfa,female,1112,1,95.4202,0.04016
lhfa,female,1113,1,95.4428,0.04016
lhfa,female,1114,1,95.4654,0.04017
lhfa,female,1115,1,95.488,0.04017
lhfa,female,1116,1,95.5105,0.04018
lhfa,female,1117,1,95.5331,0.04019
lhfa,female,1118,1,95.5556,0.04019
lhfa,female,1119,1,95.5782,0.0402
lhfa,female,1120,1,95.6007,0.0402
lhfa,female,1121,1,95.6232,0.04021
lhfa,female,1122,1,95.6457,0.04021
lhfa,female,1123,1,95.6682,0.04022
lhfa,female,1124,1,95.6907,0.04023
lhfa,female,1125,1,95.7132,0.04023
lhfa,female,1126,1,95.7356,0.04024
lhfa,female,1127,1,95.7581,0.04024
lhfa,female,1128,1,95.7805,0.04025
lhfa,female,1129,1,95.803,0.04025
lhfa,female,1130,1,95.8254,0.04026
lhfa,female,1131,1,95.8478,0.04026
lhfa,female,1132,1,95.8702,0.04027
lhfa,female,1133,1,95.8926,0.04028
lhfa,female,1134,1,95.915,0.04028
lhfa,female,1135,1,95.9374,0.04029
lhfa,female,1136,1,95.9597,0.04029
lhfa,female,1137,1,95.9821,0.0403
lhfa,female,1138,1,96.0044,0.0403
lhfa,female,1139,1,96.0268,0.04031
lhfa,female,1140,1,96.0491,0.04032
lhfa,female,1141,1,96.0714,0.04032
lhfa,female,1142,1,96.0937,0.04033
lhfa,female,1143,1,96.116,0.04033
lhfa,female,1144,1,96.1383,0.04034
lhfa,female,1145,1,96.1606,0.04034
lhfa,female,1146,1,96.1828,0.04035
lhfa,female,1147,1,96.2051,0.04035
lhfa,female,1148,1,96.2273,0.04036
lhfa,female,1149,1,96.2495,0.04036
lhfa,female,1150,1,96.2718,0.04037
lhfa,female,1151,1,96.294,0.04038
lhfa,female,1152,1,96.3162,0.04038
lhfa,female,1153,1,96.3384,0.04039
lhfa,female,1154,1,96.3606,0.04039
lhfa,female,1155,1,96.3827,0.0404
lhfa,female,1156,1,96.4049,0.0404
lhfa,female,1157,1,96.427,0.04041
lhfa,female,1158,1,96.4492,0.04041
lhfa,female,1159,1,96.4713,0.04042
lhfa,female,1160,1,96.4934,0.04043
lhfa,female,1161,1,96.5156,0.04043
lhfa,female,1162,1,96.5377,0.04044
lhfa,female,1163,1,96.5598,0.04044
lhfa,female,1164,1,96.5818,0.04045
lhfa,female,1165,1,96.6039,0.04045
lhfa,female,1166,1,96.626,0.04046
lhfa,female,1167,1,96.648,0.04046
lhfa,female,1168,1,96.6701,0.04047
lhfa,female,1169,1,96.6921,0.04047
lhfa,female,1170,1,96.7141,0.04048
lhfa,female,1171,1,96.7362,0.04049
lhfa,female,1172,1,96.7582,0.04049
lhfa,female,1173,1,96.7802,0.0405
lhfa,female,1174,1,96.8021,0.0405
lhfa,female,1175,1,96.8241,0.04051
lhfa,female,1176,1,96.8461,0.04051
lhfa,female,1177,1,96.868,0.04052
lhfa,female,1178,1,96.89,0.04052
lhfa,female,1179,1,96.9119,0.04053
lhfa,female,1180,1,96.9339,0.04053
lhfa,female,1181,1,96.9558,0.04054
lhfa,female,1182,1,96.9777,0.04054
lhfa,female,1183,1,96.9996,0.04055
lhfa,female,1184,1,97.0215,0.04056
lhfa,female,1185,1,97.0434,0.04056
lhfa,female,1186,1,97.0652,0.04057
lhfa,female,1187,1,97.0871,0.04057
lhfa,female,1188,1,97.1089,0.04058
lhfa,female,1189,1,97.1308,0.04058
lhfa,female,1190,1,97.1526,0.04059
lhfa,female,1191,1,97.1744,0.04059
lhfa,female,1192,1,97.1963,0.0406
lhfa,female,1193,1,97.2181,0.0406
lhfa,female,1194,1,97.2399,0.04061
lhfa,female,1195,1,97.2616,0.04061
lhfa,female,1196,1,97.2834,0.04062
lhfa,female,1197,1,97.3052,0.04063
lhfa,female,1198,1,97.3269,0.04063
lhfa,female,1199,1,97.3487,0.04064
lhfa,female,1200,1,97.3704,0.04064
lhfa,female,1201,1,97.3922,0.04065
lhfa,female,1202,1,97.4139,0.04065
lhfa,female,1203,1,97.4356,0.04066
lhfa,female,1204,1,97.4573,0.04066
lhfa,female,1205,1,97.479,0.04067
lhfa,female,1206,1,97.5007,0.04067
lhfa,female,1207,1,97.5223,0.04068
lhfa,female,1208,1,97.544,0.04068
lhfa,female,1209,1,97.5657,0.04069
lhfa,female,1210,1,97.5873,0.04069
lhfa,female,1211,1,97.6089,0.0407
lhfa,female,1212,1,97.6306,0.0407
lhfa,female,1213,1,97.6522,0.04071
lhfa,female,1214,1,97.6738,0.04072
lhfa,female,1215,1,97.6954,0.04072
lhfa,female,1216,1,97.717,0.04073
lhfa,female,1217,1,97.7385,0.04073
lhfa,female,1218,1,97.7601,0.04074
lhfa,female,1219,1,97.7817,0.04074
lhfa,female,1220,1,97.8032,0.04075
lhfa,female,1221,1,97.8248,0.04075
lhfa,female,1222,1,97.8463,0.04076
lhfa,female,1223,1,97.8678,0.04076
lhfa,female,1224,1,97.8893,0.04077
lhfa,female,1225,1,97.9108,0.04077
lhfa,female,1226,1,97.9323,0.04078
lhfa,female,1227,1,97.9538,0.04078
lhfa,female,1228,1,97.9753,0.04079
lhfa,female,1229,1,97.9968,0.04079
lhfa,female,1230,1,98.0182,0.0408
lhfa,female,1231,1,98.0397,0.0408
lhfa,female,1232,1,98.0611,0.04081
lhfa,female,1233,1,98.0825,0.04081
lhfa,female,1234,1,98.1039,0.04082
lhfa,female,1235,1,98.1253,0.04082
lhfa,female,1236,1,98.1467,0.04083
lhfa,female,1237,1,98.1681,0.04084
lhfa,female,1238,1,98.1895,0.04084
lhfa,female,1239,1,98.2109,0.04085
lhfa,female,1240,1,98.2322,0.04085
lhfa,female,1241,1,98.2536,0.04086
lhfa,female,1242,1,98.2749,0.04086
lhfa,female,1243,1,98.2963,0.04087
lhfa,female,1244,1,98.3176,0.04087
lhfa,female,1245,1,98.3389,0.04088
lhfa,female,1246,1,98.3602,0.04088
lhfa,female,1247,1,98.3815,0.04089
lhfa,female,1248,1,98.4028,0.04089
lhfa,female,1249,1,98.4241,0.0409
lhfa,female,1250,1,98.4453,0.0409
lhfa,female,1251,1,98.4666,0.04091
lhfa,female,1252,1,98.4878,0.04091
lhfa,female,1253,1,98.5091,0.04092
lhfa,female,1254,1,98.5303,0.04092
lhfa,female,1255,1,98.5515,0.04093
lhfa,female,1256,1,98.5727,0.04093
lhfa,female,1257,1,98.5939,0.04094
lhfa,female,1258,1,98.6151,0.04094
lhfa,female,1259,1,98.6363,0.04095
lhfa,female,1260,1,98.6575,0.04095
lhfa,female,1261,1,98.6786,0.04096
lhfa,female,1262,1,98.6998,0.04096
lhfa,female,1263,1,98.7209,0.04097
lhfa,female,1264,1,98.7421,0.04097
lhfa,female,1265,1,98.7632,0.04098
lhfa,female,1266,1,98.7843,0.04098
lhfa,female,1267,1,98.8054,0.04099
lhfa,female,1268,1,98.8265,0.04099
lhfa,female,1269,1,98.8476,0.041
lhfa,female,1270,1,98.8687,0.041
lhfa,female,1271,1,98.8897,0.04101
lhfa,female,1272,1,98.9108,0.04101
lhfa,female,1273,1,98.9318,0.04102
lhfa,female,1274,1,98.9529,0.04103
lhfa,female,1275,1,98.9739,0.04103
lhfa,female,1276,1,98.9949,0.04104
lhfa,female,1277,1,99.0159,0.04104
lhfa,female,1278,1,99.0369,0.04105
lhfa,female,1279,1,99.0579,0.04105
lhfa,female,1280,1,99.0789,0.04106
lhfa,female,1281,1,99.0999,0.04106
lhfa,female,1282,1,99.1208,0.04107
lhfa,female,1283,1,99.1418,0.04107
lhfa,female,1284,1,99.1628,0.04108
lhfa,female,1285,1,99.1837,0.04108
lhfa,female,1286,1,99.2046,0.04109
lhfa,female,1287,1,99.2255,0.04109
lhfa,female,1288,1,99.2464,0.0411
lhfa,female,1289,1,99.2673,0.0411
lhfa,female,1290,1,99.2882,0.04111
lhfa,female,1291,1,99.3091,0.04111
lhfa,female,1292,1,99.33,0.04112
lhfa,female,1293,1,99.3509,0.04112
lhfa,female,1294,1,99.3717,0.04113
lhfa,female,1295,1,99.3926,0.04113
lhfa,female,1296,1,99.4134,0.04114
lhfa,female,1297,1,99.4342,0.04114
lhfa,female,1298,1,99.455,0.04115
lhfa,female,1299,1,99.4758,0.04115
lhfa,female,1300,1,99.4966,0.04116
lhfa,female,1301,1,99.5174,0.04116
lhfa,female,1302,1,99.5382,0.04117
lhfa,female,1303,1,99.559,0.04117
lhfa,female,1304,1,99.5798,0.04118
lhfa,female,1305,1,99.6005,0.04118
lhfa,female,1306,1,99.6212,0.04119
lhfa,female,1307,1,99.642,0.04119
lhfa,female,1308,1,99.6627,0.0412
lhfa,female,1309,1,99.6834,0.0412
lhfa,female,1310,1,99.7041,0.04121
lhfa,female,1311,1,99.7248,0.04121
lhfa,female,1312,1,99.7455,0.04122
lhfa,female,1313,1,99.7662,0.04122
lhfa,female,1314,1,99.7869,0.04123
lhfa,female,1315,1,99.8075,0.04123
lhfa,female,1316,1,99.8282,0.04124
lhfa,female,1317,1,99.8488,0.04124
lhfa,female,1318,1,99.8695,0.04125
lhfa,female,1319,1,99.8901,0.04125
lhfa,female,1320,1,99.9107,0.04126
lhfa,female,1321,1,99.9313,0.04126
lhfa,female,1322,1,99.9519,0.04126
lhfa,female,1323,1,99.9725,0.04127
lhfa,female,1324,1,99.9931,0.04127
lhfa,female,1325,1,100.0137,0.04128
lhfa,female,1326,1,100.0342,0.04128
lhfa,female,1327,1,100.0548,0.04129
lhfa,female,1328,1,100.0753,0.04129
lhfa,female,1329,1,100.0959,0.0413
lhfa,female,1330,1,100.1164,0.0413
lhfa,female,1331,1,100.1369,0.04131
lhfa,female,1332,1,100.1574,0.04131
lhfa,female,1333,1,100.1779,0.04132
lhfa,female,1334,1,100.1984,0.04132
lhfa,female,1335,1,100.2189,0.04133
lhfa,female,1336,1,100.2394,0.04133
lhfa,female,1337,1,100.2598,0.04134
lhfa,female,1338,1,100.2803,0.04134
lhfa,female,1339,1,100.3007,0.04135
lhfa,female,1340,1,100.3212,0.04135
lhfa,female,1341,1,100.3416,0.04136
lhfa,female,1342,1,100.362,0.04136
lhfa,female,1343,1,100.3824,0.04137
lhfa,female,1344,1,100.4028,0.04137
lhfa,female,1345,1,100.4232,0.04138
lhfa,female,1346,1,100.4436,0.04138
lhfa,female,1347,1,100.464,0.04139
lhfa,female,1348,1,100.4843,0.04139
lhfa,female,1349,1,100.5047,0.0414
lhfa,female,1350,1,100.525,0.0414
lhfa,female,1351,1,100.5454,0.04141
lhfa,female,1352,1,100.5657,0.04141
lhfa,female,1353,1,100.586,0.04142
lhfa,female,1354,1,100.6063,0.04142
lhfa,female,1355,1,100.6266,0.04143
lhfa,female,1356,1,100.6469,0.04143
lhfa,female,1357,1,100.6672,0.04144
lhfa,female,1358,1,100.6875,0.04144
lhfa,female,1359,1,100.7077,0.04145
lhfa,female,1360,1,100.728,0.04145
lhfa,female,1361,1,100.7482,0.04146
lhfa,female,1362,1,100.7685,0.04146
lhfa,female,1363,1,100.7887,0.04146
lhfa,female,1364,1,100.8089,0.04147
lhfa,female,1365,1,100.8291,0.04147
lhfa,female,1366,1,100.8493,0.04148
lhfa,female,1367,1,100.8695,0.04148
lhfa,female,1368,1,100.8897,0.04149
lhfa,female,1369,1,100.9099,0.04149
lhfa,female,1370,1,100.9301,0.0415
lhfa,female,1371,1,100.9502,0.0415
lhfa,female,1372,1,100.9704,0.04151
lhfa,female,1373,1,100.9905,0.04151
lhfa,female,1374,1,101.0107,0.04152
lhfa,female,1375,1,101.0308,0.04152
lhfa,female,1376,1,101.0509,0.04153
lhfa,female,1377,1,101.071,0.04153
lhfa,female,1378,1,101.0911,0.04154
lhfa,female,1379,1,101.1112,0.04154
lhfa,female,1380,1,101.1313,0.04155
lhfa,female,1381,1,101.1514,0.04155
lhfa,female,1382,1,101.1714,0.04156
lhfa,female,1383,1,101.1915,0.04156
lhfa,female,1384,1,101.2115,0.04157
lhfa,female,1385,1,101.2316,0.04157
lhfa,female,1386,1,101.2516,0.04158
lhfa,female,1387,1,101.2716,0.04158
lhfa,female,1388,1,101.2917,0.04158
lhfa,female,1389,1,101.3117,0.04159
lhfa,female,1390,1,101.3317,0.04159
lhfa,female,1391,1,101.3517,0.0416
lhfa,female,1392,1,101.3716,0.0416
lhfa,female,1393,1,101.3916,0.04161
lhfa,female,1394,1,101.4116,0.04161
lhfa,female,1395,1,101.4315,0.04162
lhfa,female,1396,1,101.4515,0.04162
lhfa,female,1397,1,101.4714,0.04163
lhfa,female,1398,1,101.4914,0.04163
lhfa,female,1399,1,101.5113,0.04164
lhfa,female,1400,1,101.5312,0.04164
lhfa,female,1401,1,101.5511,0.04165
lhfa,female,1402,1,101.571,0.04165
lhfa,female,1403,1,101.5909,0.04166
lhfa,female,1404,1,101.6108,0.04166
lhfa,female,1405,1,101.6306,0.04167
lhfa,female,1406,1,101.6505,0.04167
lhfa,female,1407,1,101.6704,0.04167
lhfa,female,1408,1,101.6902,0.04168
lhfa,female,1409,1,101.7101,0.04168
lhfa,female,1410,1,101.7299,0.04169
lhfa,female,1411,1,101.7497,0.04169
lhfa,female,1412,1,101.7695,0.0417
lhfa,female,1413,1,101.7893,0.0417
lhfa,female,1414,1,101.8091,0.04171
lhfa,female,1415,1,101.8289,0.04171
lhfa,female,1416,1,101.8487,0.04172
lhfa,female,1417,1,101.8685,0.04172
lhfa,female,1418,1,101.8883,0.04173
lhfa,female,1419,1,101.908,0.04173
lhfa,female,1420,1,101.9278,0.04174
lhfa,female,1421,1,101.9475,0.04174
lhfa,female,1422,1,101.9673,0.04175
lhfa,female,1423,1,101.987,0.04175
lhfa,female,1424,1,102.0067,0.04175
lhfa,female,1425,1,102.0264,0.04176
lhfa,female,1426,1,102.0461,0.04176
lhfa,female,1427,1,102.0658,0.04177
lhfa,female,1428,1,102.0855,0.04177
lhfa,female,1429,1,102.1052,0.04178
lhfa,female,1430,1,102.1249,0.04178
lhfa,female,1431,1,102.1446,0.04179
lhfa,female,1432,1,102.1642,0.04179
lhfa,female,1433,1,102.1839,0.0418
lhfa,female,1434,1,102.2035,0.0418
lhfa,female,1435,1,102.2232,0.04181
lhfa,female,1436,1,102.2428,0.04181
lhfa,female,1437,1,102.2624,0.04181
lhfa,female,1438,1,102.282,0.04182
lhfa,female,1439,1,102.3016,0.04182
lhfa,female,1440,1,102.3212,0.04183
lhfa,female,1441,1,102.3408,0.04183
lhfa,female,1442,1,102.3604,0.04184
lhfa,female,1443,1,102.38,0.04184
lhfa,female,1444,1,102.3996,0.04185
lhfa,female,1445,1,102.4191,0.04185
lhfa,female,1446,1,102.4387,0.04186
lhfa,female,1447,1,102.4582,0.04186
lhfa,female,1448,1,102.4778,0.04187
lhfa,female,1449,1,102.4973,0.04187
lhfa,female,1450,1,102.5168,0.04187
lhfa,female,1451,1,102.5364,0.04188
lhfa,female,1452,1,102.5559,0.04188
lhfa,female,1453,1,102.5754,0.04189
lhfa,female,1454,1,102.5949,0.04189
lhfa,female,1455,1,102.6144,0.0419
lhfa,female,1456,1,102.6338,0.0419
lhfa,female,1457,1,102.6533,0.04191
lhfa,female,1458,1,102.6728,0.04191
lhfa,female,1459,1,102.6923,0.04192
lhfa,female,1460,1,102.7117,0.04192
lhfa,female,1461,1,102.7312,0.04193
lhfa,female,1462,1,102.7506,0.04193
lhfa,female,1463,1,102.77,0.04193
lhfa,female,1464,1,102.7895,0.04194
lhfa,female,1465,1,102.8089,0.04194
lhfa,female,1466,1,102.8283,0.04195
lhfa,female,1467,1,102.8477,0.04195
lhfa,female,1468,1,102.8671,0.04196
lhfa,female,1469,1,102.8865,0.04196
lhfa,female,1470,1,102.9059,0.04197
lhfa,female,1471,1,102.9252,0.04197
lhfa,female,1472,1,102.9446,0.04198
lhfa,female,1473,1,102.964,0.04198
lhfa,female,1474,1,102.9833,0.04198
lhfa,female,1475,1,103.0027,0.04199
lhfa,female,1476,1,103.022,0.04199
lhfa,female,1477,1,103.0414,0.042
lhfa,female,1478,1,103.0607,0.042
lhfa,female,1479,1,103.08,0.04201
lhfa,female,1480,1,103.0993,0.04201
lhfa,female,1481,1,103.1186,0.04202
lhfa,female,1482,1,103.1379,0.04202
lhfa,female,1483,1,103.1572,0.04203
lhfa,female,1484,1,103.1765,0.04203
lhfa,female,1485,1,103.1958,0.04203
lhfa,female,1486,1,103.2151,0.04204
lhfa,female,1487,1,103.2343,0.04204
lhfa,female,1488,1,103.2536,0.04205
lhfa,female,1489,1,103.2728,0.04205
lhfa,female,1490,1,103.2921,0.04206
lhfa,female,1491,1,103.3113,0.04206
lhfa,female,1492,1,103.3306,0.04207
lhfa,female,1493,1,103.3498,0.04207
lhfa,female,1494,1,103.369,0.04208
lhfa,female,1495,1,103.3882,0.04208
lhfa,female,1496,1,103.4074,0.04208
lhfa,female,1497,1,103.4266,0.04209
lhfa,female,1498,1,103.4458,0.04209
lhfa,female,1499,1,103.465,0.0421
lhfa,female,1500,1,103.4842,0.0421
lhfa,female,1501,1,103.5034,0.04211
lhfa,female,1502,1,103.5225,0.04211
lhfa,female,1503,1,103.5417,0.04212
lhfa,female,1504,1,103.5608,0.04212
lhfa,female,1505,1,103.58,0.04212
lhfa,female,1506,1,103.5991,0.04213
lhfa,female,1507,1,103.6183,0.04213
lhfa,female,1508,1,103.6374,0.04214
lhfa,female,1509,1,103.6565,0.04214
lhfa,female,1510,1,103.6756,0.04215
lhfa,female,1511,1,103.6947,0.04215
lhfa,female,1512,1,103.7138,0.04216
lhfa,female,1513,1,103.7329,0.04216
lhfa,female,1514,1,103.752,0.04216
lhfa,female,1515,1,103.7711,0.04217
lhfa,female,1516,1,103.7902,0.04217
lhfa,female,1517,1,103.8092,0.04218
lhfa,female,1518,1,103.8283,0.04218
lhfa,female,1519,1,103.8473,0.04219
lhfa,female,1520,1,103.8664,0.04219
lhfa,female,1521,1,103.8854,0.0422
lhfa,female,1522,1,103.9045,0.0422
lhfa,female,1523,1,103.9235,0.0422
lhfa,female,1524,1,103.9425,0.04221
lhfa,female,1525,1,103.9616,0.04221
lhfa,female,1526,1,103.9806,0.04222
lhfa,female,1527,1,103.9996,0.04222
lhfa,female,1528,1,104.0186,0.04223
lhfa,female,1529,1,104.0376,0.04223
lhfa,female,1530,1,104.0565,0.04224
lhfa,female,1531,1,104.0755,0.04224
lhfa,female,1532,1,104.0945,0.04224
lhfa,female,1533,1,104.1135,0.04225
lhfa,female,1534,1,104.1324,0.04225
lhfa,female,1535,1,104.1514,0.04226
lhfa,female,1536,1,104.1703,0.04226
lhfa,female,1537,1,104.1893,0.04227
lhfa,female,1538,1,104.2082,0.04227
lhfa,female,1539,1,104.2271,0.04227
lhfa,female,1540,1,104.2461,0.04228
lhfa,female,1541,1,104.265,0.04228
lhfa,female,1542,1,104.2839,0.04229
lhfa,female,1543,1,104.3028,0.04229
lhfa,female,1544,1,104.3217,0.0423
lhfa,female,1545,1,104.3406,0.0423
lhfa,female,1546,1,104.3595,0.04231
lhfa,female,1547,1,104.3784,0.04231
lhfa,female,1548,1,104.3972,0.04231
lhfa,female,1549,1,104.4161,0.04232
lhfa,female,1550,1,104.435,0.04232
lhfa,female,1551,1,104.4538,0.04233
lhfa,female,1552,1,104.4727,0.04233
lhfa,female,1553,1,104.4915,0.04234
lhfa,female,1554,1,104.5104,0.04234
lhfa,female,1555,1,104.5292,0.04234
lhfa,female,1556,1,104.548,0.04235
lhfa,female,1557,1,104.5668,0.04235
lhfa,female,1558,1,104.5856,0.04236
lhfa,female,1559,1,104.6045,0.04236
lhfa,female,1560,1,104.6233,0.04237
lhfa,female,1561,1,104.6421,0.04237
lhfa,female,1562,1,104.6608,0.04238
lhfa,female,1563,1,104.6796,0.04238
lhfa,female,1564,1,104.6984,0.04238
lhfa,female,1565,1,104.7172,0.04239
lhfa,female,1566,1,104.736,0.04239
lhfa,female,1567,1,104.7547,0.0424
lhfa,female,1568,1,104.7735,0.0424
lhfa,female,1569,1,104.7922,0.04241
lhfa,female,1570,1,104.811,0.04241
lhfa,female,1571,1,104.8297,0.04241
lhfa,female,1572,1,104.8484,0.04242
lhfa,female,1573,1,104.8672,0.04242
lhfa,female,1574,1,104.8859,0.04243
lhfa,female,1575,1,104.9046,0.04243
lhfa,female,1576,1,104.9233,0.04244
lhfa,female,1577,1,104.942,0.04244
lhfa,female,1578,1,104.9607,0.04244
lhfa,female,1579,1,104.9794,0.04245
lhfa,female,1580,1,104.9981,0.04245
lhfa,female,1581,1,105.0167,0.04246
lhfa,female,1582,1,105.0354,0.04246
lhfa,female,1583,1,105.0541,0.04247
lhfa,female,1584,1,105.0727,0.04247
lhfa,female,1585,1,105.0914,0.04247
lhfa,female,1586,1,105.11,0.04248
lhfa,female,1587,1,105.1287,0.04248
lhfa,female,1588,1,105.1473,0.04249
lhfa,female,1589,1,105.166,0.04249
lhfa,female,1590,1,105.1846,0.0425
lhfa,female,1591,1,105.2032,0.0425
lhfa,female,1592,1,105.2218,0.0425
lhfa,female,1593,1,105.2404,0.04251
lhfa,female,1594,1,105.259,0.04251
lhfa,female,1595,1,105.2776,0.04252
lhfa,female,1596,1,105.2962,0.04252
lhfa,female,1597,1,105.3148,0.04253
lhfa,female,1598,1,105.3334,0.04253
lhfa,female,1599,1,105.352,0.04253
lhfa,female,1600,1,105.3705,0.04254
lhfa,female,1601,1,105.3891,0.04254
lhfa,female,1602,1,105.4076,0.04255
lhfa,female,1603,1,105.4262,0.04255
lhfa,female,1604,1,105.4447,0.04256
lhfa,female,1605,1,105.4633,0.04256
lhfa,female,1606,1,105.4818,0.04256
lhfa,female,1607,1,105.5003,0.04257
lhfa,female,1608,1,105.5189,0.04257
lhfa,female,1609,1,105.5374,0.04258
lhfa,female,1610,1,105.5559,0.04258
lhfa,female,1611,1,105.5744,0.04259
lhfa,female,1612,1,105.5929,0.04259
lhfa,female,1613,1,105.6114,0.04259
lhfa,female,1614,1,105.6299,0.0426
lhfa,female,1615,1,105.6483,0.0426
lhfa,female,1616,1,105.6668,0.04261
lhfa,female,1617,1,105.6853,0.04261
lhfa,female,1618,1,105.7037,0.04262
lhfa,female,1619,1,105.7222,0.04262
lhfa,female,1620,1,105.7406,0.04262
lhfa,female,1621,1,105.7591,0.04263
lhfa,female,1622,1,105.7775,0.04263
lhfa,female,1623,1,105.796,0.04264
lhfa,female,1624,1,105.8144,0.04264
lhfa,female,1625,1,105.8328,0.04264
lhfa,female,1626,1,105.8512,0.04265
lhfa,female,1627,1,105.8696,0.04265
lhfa,female,1628,1,105.888,0.04266
lhfa,female,1629,1,105.9064,0.04266
lhfa,female,1630,1,105.9248,0.04267
lhfa,female,1631,1,105.9432,0.04267
lhfa,female,1632,1,105.9616,0.04267
lhfa,female,1633,1,105.98,0.04268
lhfa,female,1634,1,105.9983,0.04268
lhfa,female,1635,1,106.0167,0.04269
lhfa,female,1636,1,106.0351,0.04269
lhfa,female,1637,1,106.0534,0.0427
lhfa,female,1638,1,106.0718,0.0427
lhfa,female,1639,1,106.0901,0.0427
lhfa,female,1640,1,106.1084,0.04271
lhfa,female,1641,1,106.1268,0.04271
lhfa,female,1642,1,106.1451,0.04272
lhfa,female,1643,1,106.1634,0.04272
lhfa,female,1644,1,106.1817,0.04272
lhfa,female,1645,1,106.2,0.04273
lhfa,female,1646,1,106.2183,0.04273
lhfa,female,1647,1,106.2366,0.04274
lhfa,female,1648,1,106.2549,0.04274
lhfa,female,1649,1,106.2732,0.04275
lhfa,female,1650,1,106.2915,0.04275
lhfa,female,1651,1,106.3097,0.04275
lhfa,female,1652,1,106.328,0.04276
lhfa,female,1653,1,106.3463,0.04276
lhfa,female,1654,1,106.3645,0.04277
lhfa,female,1655,1,106.3828,0.04277
lhfa,female,1656,1,106.401,0.04277
lhfa,female,1657,1,106.4192,0.04278
lhfa,female,1658,1,106.4375,0.04278
lhfa,female,1659,1,106.4557,0.04279
lhfa,female,1660,1,106.4739,0.04279
lhfa,female,1661,1,106.4921,0.0428
lhfa,female,1662,1,106.5103,0.0428
lhfa,female,1663,1,106.5285,0.0428
lhfa,female,1664,1,106.5467,0.04281
lhfa,female,1665,1,106.5649,0.04281
lhfa,female,1666,1,106.5831,0.04282
lhfa,female,1667,1,106.6013,0.04282
lhfa,female,1668,1,106.6195,0.04282
lhfa,female,1669,1,106.6376,0.04283
lhfa,female,1670,1,106.6558,0.04283
lhfa,female,1671,1,106.6739,0.04284
lhfa,female,1672,1,106.6921,0.04284
lhfa,female,1673,1,106.7102,0.04285
lhfa,female,1674,1,106.7284,0.04285
lhfa,female,1675,1,106.7465,0.04285
lhfa,female,1676,1,106.7646,0.04286
lhfa,female,1677,1,106.7828,0.04286
lhfa,female,1678,1,106.8009,0.04287
lhfa,female,1679,1,106.819,0.04287
lhfa,female,1680,1,106.8371,0.04287
lhfa,female,1681,1,106.8552,0.04288
lhfa,female,1682,1,106.8733,0.04288
lhfa,female,1683,1,106.8914,0.04289
lhfa,female,1684,1,106.9094,0.04289
lhfa,female,1685,1,106.9275,0.04289
lhfa,female,1686,1,106.9456,0.0429
lhfa,female,1687,1,106.9636,0.0429
lhfa,female,1688,1,106.9817,0.04291
lhfa,female,1689,1,106.9998,0.04291
lhfa,female,1690,1,107.0178,0.04292
lhfa,female,1691,1,107.0358,0.04292
lhfa,female,1692,1,107.0539,0.04292
lhfa,female,1693,1,107.0719,0.04293
lhfa,female,1694,1,107.0899,0.04293
lhfa,female,1695,1,107.1079,0.04294
lhfa,female,1696,1,107.126,0.04294
lhfa,female,1697,1,107.144,0.04294
lhfa,female,1698,1,107.162,0.04295
lhfa,female,1699,1,107.1799,0.04295
lhfa,female,1700,1,107.1979,0.04296
lhfa,female,1701,1,107.2159,0.04296
lhfa,female,1702,1,107.2339,0.04296
lhfa,female,1703,1,107.2519,0.04297
lhfa,female,1704,1,107.2698,0.04297
lhfa,female,1705,1,107.2878,0.04298
lhfa,female,1706,1,107.3057,0.04298
lhfa,female,1707,1,107.3237,0.04299
lhfa,female,1708,1,107.3416,0.04299
lhfa,female,1709,1,107.3596,0.04299
lhfa,female,1710,1,107.3775,0.043
lhfa,female,1711,1,107.3954,0.043
lhfa,female,1712,1,107.4133,0.04301
lhfa,female,1713,1,107.4312,0.04301
lhfa,female,1714,1,107.4492,0.04301
lhfa,female,1715,1,107.4671,0.04302
lhfa,female,1716,1,107.4849,0.04302
lhfa,female,1717,1,107.5028,0.04303
lhfa,female,1718,1,107.5207,0.04303
lhfa,female,1719,1,107.5386,0.04303
lhfa,female,1720,1,107.5565,0.04304
lhfa,female,1721,1,107.5743,0.04304
lhfa,female,1722,1,107.5922,0.04305
lhfa,female,1723,1,107.61,0.04305
lhfa,female,1724,1,107.6279,0.04305
lhfa,female,1725,1,107.6457,0.04306
lhfa,female,1726,1,107.6636,0.04306
lhfa,female,1727,1,107.6814,0.04307
lhfa,female,1728,1,107.6992,0.04307
lhfa,female,1729,1,107.717,0.04308
lhfa,female,1730,1,107.7349,0.04308
lhfa,female,1731,1,107.7527,0.04308
lhfa,female,1732,1,107.7705,0.04309
lhfa,female,1733,1,107.7883,0.04309
lhfa,female,1734,1,107.806,0.0431
lhfa,female,1735,1,107.8238,0.0431
lhfa,female,1736,1,107.8416,0.0431
lhfa,female,1737,1,107.8594,0.04311
lhfa,female,1738,1,107.8772,0.04311
lhfa,female,1739,1,107.8949,0.04312
lhfa,female,1740,1,107.9127,0.04312
lhfa,female,1741,1,107.9304,0.04312
lhfa,female,1742,1,107.9482,0.04313
lhfa,female,1743,1,107.9659,0.04313
lhfa,female,1744,1,107.9836,0.04314
lhfa,female,1745,1,108.0014,0.04314
lhfa,female,1746,1,108.0191,0.04314
lhfa,female,1747,1,108.0368,0.04315
lhfa,female,1748,1,108.0545,0.04315
lhfa,female,1749,1,108.0722,0.04316
lhfa,female,1750,1,108.0899,0.04316
lhfa,female,1751,1,108.1076,0.04316
lhfa,female,1752,1,108.1253,0.04317
lhfa,female,1753,1,108.143,0.04317
lhfa,female,1754,1,108.1607,0.04318
lhfa,female,1755,1,108.1783,0.04318
lhfa,female,1756,1,108.196,0.04318
lhfa,female,1757,1,108.2137,0.04319
lhfa,female,1758,1,108.2313,0.04319
lhfa,female,1759,1,108.249,0.0432
lhfa,female,1760,1,108.2666,0.0432
lhfa,female,1761,1,108.2842,0.04321
lhfa,female,1762,1,108.3019,0.04321
lhfa,female,1763,1,108.3195,0.04321
lhfa,female,1764,1,108.3371,0.04322
lhfa,female,1765,1,108.3547,0.04322
lhfa,female,1766,1,108.3723,0.04323
lhfa,female,1767,1,108.3899,0.04323
lhfa,female,1768,1,108.4075,0.04323
lhfa,female,1769,1,108.4251,0.04324
lhfa,female,1770,1,108.4427,0.04324
lhfa,female,1771,1,108.4603,0.04325
lhfa,female,1772,1,108.4779,0.04325
lhfa,female,1773,1,108.4954,0.04325
lhfa,female,1774,1,108.513,0.04326
lhfa,female,1775,1,108.5306,0.04326
lhfa,female,1776,1,108.5481,0.04327
lhfa,female,1777,1,108.5657,0.04327
lhfa,female,1778,1,108.5832,0.04327
lhfa,female,1779,1,108.6008,0.04328
lhfa,female,1780,1,108.6183,0.04328
lhfa,female,1781,1,108.6358,0.04329
lhfa,female,1782,1,108.6533,0.04329
lhfa,female,1783,1,108.6709,0.04329
lhfa,female,1784,1,108.6884,0.0433
lhfa,female,1785,1,108.7059,0.0433
lhfa,female,1786,1,108.7234,0.04331
lhfa,female,1787,1,108.7409,0.04331
lhfa,female,1788,1,108.7583,0.04331
lhfa,female,1789,1,108.7758,0.04332
lhfa,female,1790,1,108.7933,0.04332
lhfa,female,1791,1,108.8108,0.04333
lhfa,female,1792,1,108.8282,0.04333
lhfa,female,1793,1,108.8457,0.04333
lhfa,female,1794,1,108.8632,0.04334
lhfa,female,1795,1,108.8806,0.04334
lhfa,female,1796,1,108.8981,0.04335
lhfa,female,1797,1,108.9155,0.04335
lhfa,female,1798,1,108.9329,0.04335
lhfa,female,1799,1,108.9504,0.04336
lhfa,female,1800,1,108.9678,0.04336
lhfa,female,1801,1,108.9852,0.04337
lhfa,female,1802,1,109.0026,0.04337
lhfa,female,1803,1,109.02,0.04337
lhfa,female,1804,1,109.0374,0.04338
lhfa,female,1805,1,109.0548,0.04338
lhfa,female,1806,1,109.0722,0.04339
lhfa,female,1807,1,109.0896,0.04339
lhfa,female,1808,1,109.107,0.04339
lhfa,female,1809,1,109.1244,0.0434
lhfa,female,1810,1,109.1417,0.0434
lhfa,female,1811,1,109.1591,0.04341
lhfa,female,1812,1,109.1764,0.04341
lhfa,female,1813,1,109.1938,0.04341
lhfa,female,1814,1,109.2112,0.04342
lhfa,female,1815,1,109.2285,0.04342
lhfa,female,1816,1,109.2458,0.04343
lhfa,female,1817,1,109.2632,0.04343
lhfa,female,1818,1,109.2805,0.04343
lhfa,female,1819,1,109.2978,0.04344
lhfa,female,1820,1,109.3151,0.04344
lhfa,female,1821,1,109.3324,0.04345
lhfa,female,1822,1,109.3498,0.04345
lhfa,female,1823,1,109.3671,0.04345
lhfa,female,1824,1,109.3844,0.04346
lhfa,female,1825,1,109.4016,0.04346
lhfa,female,1826,1,109.4189,0.04346
lhfa,female,1827,1,109.4362,0.04347
lhfa,female,1828,1,109.4535,0.04347
lhfa,female,1829,1,109.4708,0.04348
lhfa,female,1830,1,109.488,0.04348
lhfa,female,1831,1,109.5053,0.04348
lhfa,female,1832,1,109.5225,0.04349
lhfa,female,1833,1,109.5398,0.04349
lhfa,female,1834,1,109.557,0.0435
lhfa,female,1835,1,109.5743,0.0435
lhfa,female,1836,1,109.5915,0.0435
lhfa,female,1837,1,109.6088,0.04351
lhfa,female,1838,1,109.626,0.04351
lhfa,female,1839,1,109.6432,0.04352
lhfa,female,1840,1,109.6604,0.04352
lhfa,female,1841,1,109.6776,0.04352
lhfa,female,1842,1,109.6948,0.04353
lhfa,female,1843,1,109.712,0.04353
lhfa,female,1844,1,109.7292,0.04354
lhfa,female,1845,1,109.7464,0.04354
lhfa,female,1846,1,109.7636,0.04354
lhfa,female,1847,1,109.7808,0.04355
lhfa,female,1848,1,109.798,0.04355
lhfa,female,1849,1,109.8151,0.04356
lhfa,female,1850,1,109.8323,0.04356
lhfa,female,1851,1,109.8494,0.04356
lhfa,female,1852,1,109.8666,0.04357
lhfa,female,1853,1,109.8837,0.04357
lhfa,female,1854,1,109.9009,0.04358
lhfa,female,1855,1,109.918,0.04358
lhfa,female,1856,1,109.9352,0.04358
wfa,male,0,0.3487,3.3464,0.14602
wfa,male,1,0.3127,3.3174,0.14693
wfa,male,2,0.3029,3.337,0.14676
wfa,male,3,0.2959,3.3627,0.14647
wfa,male,4,0.2903,3.3915,0.14611
wfa,male,5,0.2855,3.4223,0.14571
wfa,male,6,0.2813,3.4545,0.14528
wfa,male,7,0.2776,3.4879,0.14483
wfa,male,8,0.2742,3.5222,0.14436
wfa,male,9,0.2711,3.5576,0.14388
wfa,male,10,0.2681,3.5941,0.14339
wfa,male,11,0.2654,3.6319,0.1429
wfa,male,12,0.2628,3.671,0.14241
wfa,male,13,0.2604,3.7113,0.14192
wfa,male,14,0.2581,3.7529,0.14142
wfa,male,15,0.2558,3.7956,0.14093
wfa,male,16,0.2537,3.8389,0.14044
wfa,male,17,0.2517,3.8828,0.13996
wfa,male,18,0.2497,3.927,0.13948
wfa,male,19,0.2478,3.9714,0.139
wfa,male,20,0.246,4.0158,0.13853
wfa,male,21,0.2442,4.0603,0.13807
wfa,male,22,0.2425,4.1046,0.13761
wfa,male,23,0.2408,4.1489,0.13715
wfa,male,24,0.2392,4.193,0.1367
wfa,male,25,0.2376,4.2369,0.13626
wfa,male,26,0.2361,4.2806,0.13582
wfa,male,27,0.2346,4.324,0.13539
wfa,male,28,0.2331,4.3671,0.13497
wfa,male,29,0.2317,4.41,0.13455
wfa,male,30,0.2303,4.4525,0.13413
wfa,male,31,0.229,4.4946,0.13372
wfa,male,32,0.2276,4.5363,0.13332
wfa,male,33,0.2263,4.5776,0.13292
wfa,male,34,0.225,4.6185,0.13253
wfa,male,35,0.2237,4.659,0.13215
wfa,male,36,0.2225,4.699,0.13177
wfa,male,37,0.2213,4.7386,0.13139
wfa,male,38,0.2201,4.7778,0.13102
wfa,male,39,0.2189,4.8166,0.13066
wfa,male,40,0.2178,4.8549,0.1303
wfa,male,41,0.2166,4.8928,0.12994
wfa,male,42,0.2155,4.9303,0.1296
wfa,male,43,0.2144,4.9674,0.12925
wfa,male,44,0.2133,5.0041,0.12891
wfa,male,45,0.2122,5.0404,0.12858
wfa,male,46,0.2112,5.0763,0.12825
wfa,male,47,0.2101,5.1118,0.12792
wfa,male,48,0.2091,5.1469,0.1276
wfa,male,49,0.2081,5.1817,0.12729
wfa,male,50,0.2071,5.2161,0.12698
wfa,male,51,0.2061,5.2501,0.12667
wfa,male,52,0.2052,5.2837,0.12637
wfa,male,53,0.2042,5.3171,0.12607
wfa,male,54,0.2032,5.35,0.12577
wfa,male,55,0.2023,5.3826,0.12548
wfa,male,56,0.2014,5.4149,0.1252
wfa,male,57,0.2005,5.4468,0.12491
wfa,male,58,0.1996,5.4784,0.12463
wfa,male,59,0.1987,5.5097,0.12436
wfa,male,60,0.1978,5.5407,0.12409
wfa,male,61,0.1969,5.5714,0.12382
wfa,male,62,0.196,5.6018,0.12356
wfa,male,63,0.1952,5.6319,0.1233
wfa,male,64,0.1943,5.6617,0.12304
wfa,male,65,0.1935,5.6912,0.12279
wfa,male,66,0.1926,5.7205,0.12254
wfa,male,67,0.1918,5.7494,0.12229
wfa,male,68,0.191,5.7781,0.12205
wfa,male,69,0.1902,5.8065,0.12181
wfa,male,70,0.1894,5.8346,0.12157
wfa,male,71,0.1886,5.8625,0.12134
wfa,male,72,0.1878,5.8901,0.12111
wfa,male,73,0.187,5.9174,0.12088
wfa,male,74,0.1863,5.9445,0.12066
wfa,male,75,0.1855,5.9713,0.12044
wfa,male,76,0.1847,5.9979,0.12022
wfa,male,77,0.184,6.0242,0.12001
wfa,male,78,0.1832,6.0503,0.1198
wfa,male,79,0.1825,6.0762,0.11959
wfa,male,80,0.1818,6.1018,0.11939
wfa,male,81,0.181,6.1272,0.11918
wfa,male,82,0.1803,6.1523,0.11899
wfa,male,83,0.1796,6.1772,0.11879
wfa,male,84,0.1789,6.2019,0.1186
wfa,male,85,0.1782,6.2264,0.11841
wfa,male,86,0.1775,6.2507,0.11822
wfa,male,87,0.1768,6.2748,0.11803
wfa,male,88,0.1761,6.2986,0.11785
wfa,male,89,0.1754,6.3223,0.11767
wfa,male,90,0.1747,6.3457,0.1175
wfa,male,91,0.174,6.369,0.11732
wfa,male,92,0.1734,6.3921,0.11715
wfa,male,93,0.1727,6.4149,0.11698
wfa,male,94,0.172,6.4376,0.11682
wfa,male,95,0.1714,6.4601,0.11666
wfa,male,96,0.1707,6.4824,0.11649
wfa,male,97,0.1701,6.5046,0.11634
wfa,male,98,0.1694,6.5265,0.11618
wfa,male,99,0.1688,6.5483,0.11603
wfa,male,100,0.1682,6.5699,0.11588
wfa,male,101,0.1675,6.5914,0.11573
wfa,male,102,0.1669,6.6126,0.11558
wfa,male,103,0.1663,6.6338,0.11544
wfa,male,104,0.1657,6.6547,0.1153
wfa,male,105,0.1651,6.6755,0.11516
wfa,male,106,0.1644,6.6962,0.11502
wfa,male,107,0.1638,6.7166,0.11489
wfa,male,108,0.1632,6.737,0.11476
wfa,male,109,0.1626,6.7572,0.11463
wfa,male,110,0.162,6.7772,0.1145
wfa,male,111,0.1614,6.7971,0.11438
wfa,male,112,0.1609,6.8168,0.11425
wfa,male,113,0.1603,6.8365,0.11413
wfa,male,114,0.1597,6.8559,0.11401
wfa,male,115,0.1591,6.8753,0.1139
wfa,male,116,0.1585,6.8945,0.11378
wfa,male,117,0.158,6.9135,0.11367
wfa,male,118,0.1574,6.9325,0.11356
wfa,male,119,0.1568,6.9513,0.11345
wfa,male,120,0.1563,6.9699,0.11334
wfa,male,121,0.1557,6.9885,0.11324
wfa,male,122,0.1551,7.0069,0.11313
wfa,male,123,0.1546,7.0252,0.11303
wfa,male,124,0.154,7.0434,0.11293
wfa,male,125,0.1535,7.0615,0.11283
wfa,male,126,0.1529,7.0794,0.11274
wfa,male,127,0.1524,7.0972,0.11265
wfa,male,128,0.1519,7.1149,0.11255
wfa,male,129,0.1513,7.1325,0.11246
wfa,male,130,0.1508,7.15,0.11237
wfa,male,131,0.1502,7.1674,0.11229
wfa,male,132,0.1497,7.1846,0.1122
wfa,male,133,0.1492,7.2018,0.11212
wfa,male,134,0.1487,7.2188,0.11204
wfa,male,135,0.1481,7.2357,0.11196
wfa,male,136,0.1476,7.2525,0.11188
wfa,male,137,0.1471,7.2692,0.1118
wfa,male,138,0.1466,7.2858,0.11172
wfa,male,139,0.1461,7.3023,0.11165
wfa,male,140,0.1456,7.3187,0.11158
wfa,male,141,0.1451,7.335,0.1115
wfa,male,142,0.1446,7.3512,0.11143
wfa,male,143,0.1441,7.3673,0.11137
wfa,male,144,0.1436,7.3833,0.1113
wfa,male,145,0.1431,7.3992,0.11123
wfa,male,146,0.1426,7.415,0.11117
wfa,male,147,0.1421,7.4307,0.11111
wfa,male,148,0.1416,7.4463,0.11104
wfa,male,149,0.1411,7.4618,0.11098
wfa,male,150,0.1406,7.4772,0.11092
wfa,male,151,0.1401,7.4925,0.11087
wfa,male,152,0.1396,7.5077,0.11081
wfa,male,153,0.1391,7.5228,0.11075
wfa,male,154,0.1387,7.5379,0.1107
wfa,male,155,0.1382,7.5528,0.11065
wfa,male,156,0.1377,7.5677,0.11059
wfa,male,157,0.1372,7.5824,0.11054
wfa,male,158,0.1368,7.5971,0.11049
wfa,male,159,0.1363,7.6117,0.11044
wfa,male,160,0.1358,7.6262,0.1104
wfa,male,161,0.1354,7.6406,0.11035
wfa,male,162,0.1349,7.655,0.11031
wfa,male,163,0.1344,7.6692,0.11026
wfa,male,164,0.134,7.6834,0.11022
wfa,male,165,0.1335,7.6975,0.11018
wfa,male,166,0.1331,7.7115,0.11013
wfa,male,167,0.1326,7.7255,0.11009
wfa,male,168,0.1322,7.7394,0.11005
wfa,male,169,0.1317,7.7532,0.11002
wfa,male,170,0.1313,7.7669,0.10998
wfa,male,171,0.1308,7.7805,0.10994
wfa,male,172,0.1304,7.7941,0.10991
wfa,male,173,0.1299,7.8076,0.10987
wfa,male,174,0.1295,7.821,0.10984
wfa,male,175,0.129,7.8344,0.1098
wfa,male,176,0.1286,7.8477,0.10977
wfa,male,177,0.1282,7.8609,0.10974
wfa,male,178,0.1277,7.8741,0.10971
wfa,male,179,0.1273,7.8871,0.10968
wfa,male,180,0.1269,7.9002,0.10965
wfa,male,181,0.1264,7.9131,0.10962
wfa,male,182,0.126,7.926,0.10959
wfa,male,183,0.1256,7.9389,0.10957
wfa,male,184,0.1251,7.9516,0.10954
wfa,male,185,0.1247,7.9643,0.10951
wfa,male,186,0.1243,7.977,0.10949
wfa,male,187,0.1239,7.9895,0.10946
wfa,male,188,0.1235,8.0021,0.10944
wfa,male,189,0.123,8.0145,0.10942
wfa,male,190,0.1226,8.0269,0.1094
wfa,male,191,0.1222,8.0392,0.10937
wfa,male,192,0.1218,8.0515,0.10935
wfa,male,193,0.1214,8.0637,0.10933
wfa,male,194,0.121,8.0759,0.10931
wfa,male,195,0.1206,8.0879,0.10929
wfa,male,196,0.1201,8.1,0.10927
wfa,male,197,0.1197,8.112,0.10925
wfa,male,198,0.1193,8.1239,0.10924
wfa,male,199,0.1189,8.1357,0.10922
wfa,male,200,0.1185,8.1475,0.1092
wfa,male,201,0.1181,8.1593,0.10919
wfa,male,202,0.1177,8.171,0.10917
wfa,male,203,0.1173,8.1826,0.10915
wfa,male,204,0.1169,8.1942,0.10914
wfa,male,205,0.1165,8.2058,0.10913
wfa,male,206,0.1161,8.2173,0.10911
wfa,male,207,0.1157,8.2287,0.1091
wfa,male,208,0.1153,8.2401,0.10908
wfa,male,209,0.1149,8.2514,0.10907
wfa,male,210,0.1145,8.2627,0.10906
wfa,male,211,0.1142,8.2739,0.10905
wfa,male,212,0.1138,8.2851,0.10903
wfa,male,213,0.1134,8.2963,0.10902
wfa,male,214,0.113,8.3074,0.10901
wfa,male,215,0.1126,8.3184,0.109
wfa,male,216,0.1122,8.3294,0.10899
wfa,male,217,0.1118,8.3404,0.10898
wfa,male,218,0.1115,8.3513,0.10897
wfa,male,219,0.1111,8.3621,0.10896
wfa,male,220,0.1107,8.3729,0.10895
wfa,male,221,0.1103,8.3837,0.10894
wfa,male,222,0.1099,8.3944,0.10894
wfa,male,223,0.1096,8.4051,0.10893
wfa,male,224,0.1092,8.4157,0.10892
wfa,male,225,0.1088,8.4263,0.10891
wfa,male,226,0.1084,8.4369,0.10891
wfa,male,227,0.1081,8.4474,0.1089
wfa,male,228,0.1077,8.4578,0.10889
wfa,male,229,0.1073,8.4683,0.10889
wfa,male,230,0.107,8.4787,0.10888
wfa,male,231,0.1066,8.489,0.10887
wfa,male,232,0.1062,8.4993,0.10887
wfa,male,233,0.1059,8.5096,0.10886
wfa,male,234,0.1055,8.5198,0.10886
wfa,male,235,0.1051,8.53,0.10885
wfa,male,236,0.1048,8.5401,0.10885
wfa,male,237,0.1044,8.5502,0.10884
wfa,male,238,0.104,8.5603,0.10884
wfa,male,239,0.1037,8.5704,0.10884
wfa,male,240,0.1033,8.5804,0.10883
wfa,male,241,0.103,8.5903,0.10883
wfa,male,242,0.1026,8.6003,0.10882
wfa,male,243,0.1023,8.6102,0.10882
wfa,male,244,0.1019,8.62,0.10882
wfa,male,245,0.1015,8.6299,0.10882
wfa,male,246,0.1012,8.6397,0.10881
wfa,male,247,0.1008,8.6494,0.10881
wfa,male,248,0.1005,8.6592,0.10881
wfa,male,249,0.1001,8.6689,0.10881
wfa,male,250,0.0998,8.6785,0.10881
wfa,male,251,0.0994,8.6882,0.1088
wfa,male,252,0.0991,8.6978,0.1088
wfa,male,253,0.0987,8.7073,0.1088
wfa,male,254,0.0984,8.7169,0.1088
wfa,male,255,0.0981,8.7264,0.1088
wfa,male,256,0.0977,8.7359,0.1088
wfa,male,257,0.0974,8.7453,0.1088
wfa,male,258,0.097,8.7548,0.1088
wfa,male,259,0.0967,8.7642,0.1088
wfa,male,260,0.0963,8.7735,0.1088
wfa,male,261,0.096,8.7829,0.1088
wfa,male,262,0.0957,8.7922,0.1088
wfa,male,263,0.0953,8.8015,0.1088
wfa,male,264,0.095,8.8107,0.1088
wfa,male,265,0.0947,8.82,0.1088
wfa,male,266,0.0943,8.8292,0.1088
wfa,male,267,0.094,8.8384,0.1088
wfa,male,268,0.0937,8.8475,0.1088
wfa,male,269,0.0933,8.8567,0.1088
wfa,male,270,0.093,8.8658,0.1088
wfa,male,271,0.0927,8.8748,0.1088
wfa,male,272,0.0923,8.8839,0.10881
wfa,male,273,0.092,8.8929,0.10881
wfa,male,274,0.0917,8.9019,0.10881
wfa,male,275,0.0913,8.9109,0.10881
wfa,male,276,0.091,8.9199,0.10881
wfa,male,277,0.0907,8.9288,0.10882
wfa,male,278,0.0904,8.9377,0.10882
wfa,male,279,0.09,8.9466,0.10882
wfa,male,280,0.0897,8.9555,0.10882
wfa,male,281,0.0894,8.9643,0.10882
wfa,male,282,0.0891,8.9731,0.10883
wfa,male,283,0.0887,8.9819,0.10883
wfa,male,284,0.0884,8.9907,0.10883
wfa,male,285,0.0881,8.9995,0.10884
wfa,male,286,0.0878,9.0082,0.10884
wfa,male,287,0.0875,9.0169,0.10884
wfa,male,288,0.0871,9.0256,0.10884
wfa,male,289,0.0868,9.0342,0.10885
wfa,male,290,0.0865,9.0429,0.10885
wfa,male,291,0.0862,9.0515,0.10885
wfa,male,292,0.0859,9.0601,0.10886
wfa,male,293,0.0856,9.0687,0.10886
wfa,male,294,0.0852,9.0772,0.10887
wfa,male,295,0.0849,9.0858,0.10887
wfa,male,296,0.0846,9.0943,0.10887
wfa,male,297,0.0843,9.1028,0.10888
wfa,male,298,0.084,9.1113,0.10888
wfa,male,299,0.0837,9.1198,0.10888
wfa,male,300,0.0834,9.1282,0.10889
wfa,male,301,0.0831,9.1366,0.10889
wfa,male,302,0.0827,9.145,0.1089
wfa,male,303,0.0824,9.1534,0.1089
wfa,male,304,0.0821,9.1618,0.1089
wfa,male,305,0.0818,9.1701,0.10891
wfa,male,306,0.0815,9.1785,0.10891
wfa,male,307,0.0812,9.1868,0.10892
wfa,male,308,0.0809,9.1951,0.10892
wfa,male,309,0.0806,9.2034,0.10893
wfa,male,310,0.0803,9.2117,0.10893
wfa,male,311,0.08,9.2199,0.10894
wfa,male,312,0.0797,9.2282,0.10894
wfa,male,313,0.0794,9.2364,0.10894
wfa,male,314,0.0791,9.2446,0.10895
wfa,male,315,0.0788,9.2528,0.10895
wfa,male,316,0.0785,9.261,0.10896
wfa,male,317,0.0782,9.2691,0.10896
wfa,male,318,0.0779,9.2773,0.10897
wfa,male,319,0.0776,9.2854,0.10897
wfa,male,320,0.0773,9.2935,0.10898
wfa,male,321,0.077,9.3016,0.10898
wfa,male,322,0.0767,9.3097,0.10899
wfa,male,323,0.0764,9.3178,0.10899
wfa,male,324,0.0761,9.3258,0.109
wfa,male,325,0.0758,9.3339,0.10901
wfa,male,326,0.0755,9.3419,0.10901
wfa,male,327,0.0752,9.3499,0.10902
wfa,male,328,0.0749,9.3579,0.10902
wfa,male,329,0.0746,9.3659,0.10903
wfa,male,330,0.0744,9.3739,0.10903
wfa,male,331,0.0741,9.3819,0.10904
wfa,male,332,0.0738,9.3898,0.10904
wfa,male,333,0.0735,9.3978,0.10905
wfa,male,334,0.0732,9.4057,0.10905
wfa,male,335,0.0729,9.4136,0.10906
wfa,male,336,0.0726,9.4215,0.10907
wfa,male,337,0.0723,9.4294,0.10907
wfa,male,338,0.072,9.4373,0.10908
wfa,male,339,0.0718,9.4452,0.10908
wfa,male,340,0.0715,9.453,0.10909
wfa,male,341,0.0712,9.4609,0.1091
wfa,male,342,0.0709,9.4687,0.1091
wfa,male,343,0.0706,9.4765,0.10911
wfa,male,344,0.0703,9.4844,0.10911
wfa,male,345,0.0701,9.4922,0.10912
wfa,male,346,0.0698,9.4999,0.10913
wfa,male,347,0.0695,9.5077,0.10913
wfa,male,348,0.0692,9.5155,0.10914
wfa,male,349,0.0689,9.5232,0.10915
wfa,male,350,0.0686,9.531,0.10915
wfa,male,351,0.0684,9.5387,0.10916
wfa,male,352,0.0681,9.5464,0.10916
wfa,male,353,0.0678,9.5542,0.10917
wfa,male,354,0.0675,9.5619,0.10918
wfa,male,355,0.0672,9.5696,0.10918
wfa,male,356,0.067,9.5772,0.10919
wfa,male,357,0.0667,9.5849,0.1092
wfa,male,358,0.0664,9.5926,0.1092
wfa,male,359,0.0661,9.6002,0.10921
wfa,male,360,0.0659,9.6079,0.10922
wfa,male,361,0.0656,9.6155,0.10922
wfa,male,362,0.0653,9.6231,0.10923
wfa,male,363,0.065,9.6308,0.10924
wfa,male,364,0.0648,9.6384,0.10925
wfa,male,365,0.0645,9.646,0.10925
wfa,male,366,0.0642,9.6535,0.10926
wfa,male,367,0.064,9.6611,0.10927
wfa,male,368,0.0637,9.6687,0.10927
wfa,male,369,0.0634,9.6763,0.10928
wfa,male,370,0.0631,9.6838,0.10929
wfa,male,371,0.0629,9.6914,0.1093
wfa,male,372,0.0626,9.6989,0.1093
wfa,male,373,0.0623,9.7064,0.10931
wfa,male,374,0.0621,9.7139,0.10932
wfa,male,375,0.0618,9.7214,0.10933
wfa,male,376,0.0615,9.7289,0.10933
wfa,male,377,0.0613,9.7364,0.10934
wfa,male,378,0.061,9.7439,0.10935
wfa,male,379,0.0607,9.7514,0.10936
wfa,male,380,0.0605,9.7588,0.10936
wfa,male,381,0.0602,9.7663,0.10937
wfa,male,382,0.0599,9.7738,0.10938
wfa,male,383,0.0597,9.7812,0.10939
wfa,male,384,0.0594,9.7886,0.10939
wfa,male,385,0.0591,9.796,0.1094
wfa,male,386,0.0589,9.8035,0.10941
wfa,male,387,0.0586,9.8109,0.10942
wfa,male,388,0.0583,9.8183,0.10943
wfa,male,389,0.0581,9.8257,0.10943
wfa,male,390,0.0578,9.833,0.10944
wfa,male,391,0.0576,9.8404,0.10945
wfa,male,392,0.0573,9.8478,0.10946
wfa,male,393,0.057,9.8551,0.10947
wfa,male,394,0.0568,9.8625,0.10948
wfa,male,395,0.0565,9.8699,0.10948
wfa,male,396,0.0563,9.8772,0.10949
wfa,male,397,0.056,9.8845,0.1095
wfa,male,398,0.0557,9.8918,0.10951
wfa,male,399,0.0555,9.8992,0.10952
wfa,male,400,0.0552,9.9065,0.10953
wfa,male,401,0.055,9.9138,0.10954
wfa,male,402,0.0547,9.9211,0.10954
wfa,male,403,0.0545,9.9284,0.10955
wfa,male,404,0.0542,9.9357,0.10956
wfa,male,405,0.054,9.9429,0.10957
wfa,male,406,0.0537,9.9502,0.10958
wfa,male,407,0.0534,9.9575,0.10959
wfa,male,408,0.0532,9.9647,0.1096
wfa,male,409,0.0529,9.972,0.10961
wfa,male,410,0.0527,9.9792,0.10961
wfa,male,411,0.0524,9.9865,0.10962
wfa,male,412,0.0522,9.9937,0.10963
wfa,male,413,0.0519,10.0009,0.10964
wfa,male,414,0.0517,10.0082,0.10965
wfa,male,415,0.0514,10.0154,0.10966
wfa,male,416,0.0512,10.0226,0.10967
wfa,male,417,0.0509,10.0298,0.10968
wfa,male,418,0.0507,10.037,0.10969
wfa,male,419,0.0504,10.0442,0.1097
wfa,male,420,0.0502,10.0514,0.10971
wfa,male,421,0.0499,10.0586,0.10971
wfa,male,422,0.0497,10.0657,0.10972
wfa,male,423,0.0494,10.0729,0.10973
wfa,male,424,0.0492,10.0801,0.10974
wfa,male,425,0.0489,10.0872,0.10975
wfa,male,426,0.0487,10.0944,0.10976
wfa,male,427,0.0484,10.1015,0.10977
wfa,male,428,0.0482,10.1087,0.10978
wfa,male,429,0.0479,10.1158,0.10979
wfa,male,430,0.0477,10.123,0.1098
wfa,male,431,0.0475,10.1301,0.10981
wfa,male,432,0.0472,10.1372,0.10982
wfa,male,433,0.047,10.1443,0.10983
wfa,male,434,0.0467,10.1515,0.10984
wfa,male,435,0.0465,10.1586,0.10985
wfa,male,436,0.0462,10.1657,0.10986
wfa,male,437,0.046,10.1728,0.10987
wfa,male,438,0.0458,10.1799,0.10988
wfa,male,439,0.0455,10.187,0.10989
wfa,male,440,0.0453,10.1941,0.1099
wfa,male,441,0.045,10.2011,0.10991
wfa,male,442,0.0448,10.2082,0.10992
wfa,male,443,0.0445,10.2153,0.10993
wfa,male,444,0.0443,10.2224,0.10994
wfa,male,445,0.0441,10.2294,0.10995
wfa,male,446,0.0438,10.2365,0.10996
wfa,male,447,0.0436,10.2435,0.10997
wfa,male,448,0.0433,10.2506,0.10998
wfa,male,449,0.0431,10.2576,0.10999
wfa,male,450,0.0429,10.2647,0.11
wfa,male,451,0.0426,10.2717,0.11001
wfa,male,452,0.0424,10.2788,0.11002
wfa,male,453,0.0422,10.2858,0.11003
wfa,male,454,0.0419,10.2928,0.11005
wfa,male,455,0.0417,10.2998,0.11006
wfa,male,456,0.0414,10.3069,0.11007
wfa,male,457,0.0412,10.3139,0.11008
wfa,male,458,0.041,10.3209,0.11009
wfa,male,459,0.0407,10.3279,0.1101
wfa,male,460,0.0405,10.3349,0.11011
wfa,male,461,0.0403,10.3419,0.11012
wfa,male,462,0.04,10.3489,0.11013
wfa,male,463,0.0398,10.3559,0.11014
wfa,male,464,0.0396,10.3629,0.11015
wfa,male,465,0.0393,10.3699,0.11016
wfa,male,466,0.0391,10.3769,0.11017
wfa,male,467,0.0389,10.3839,0.11019
wfa,male,468,0.0386,10.3908,0.1102
wfa,male,469,0.0384,10.3978,0.11021
wfa,male,470,0.0382,10.4048,0.11022
wfa,male,471,0.0379,10.4118,0.11023
wfa,male,472,0.0377,10.4187,0.11024
wfa,male,473,0.0375,10.4257,0.11025
wfa,male,474,0.0373,10.4326,0.11026
wfa,male,475,0.037,10.4396,0.11027
wfa,male,476,0.0368,10.4465,0.11029
wfa,male,477,0.0366,10.4535,0.1103
wfa,male,478,0.0363,10.4604,0.11031
wfa,male,479,0.0361,10.4674,0.11032
wfa,male,480,0.0359,10.4743,0.11033
wfa,male,481,0.0357,10.4813,0.11034
wfa,male,482,0.0354,10.4882,0.11035
wfa,male,483,0.0352,10.4951,0.11037
wfa,male,484,0.035,10.502,0.11038
wfa,male,485,0.0347,10.509,0.11039
wfa,male,486,0.0345,10.5159,0.1104
wfa,male,487,0.0343,10.5228,0.11041
wfa,male,488,0.0341,10.5297,0.11042
wfa,male,489,0.0338,10.5366,0.11044
wfa,male,490,0.0336,10.5435,0.11045
wfa,male,491,0.0334,10.5505,0.11046
wfa,male,492,0.0332,10.5574,0.11047
wfa,male,493,0.0329,10.5643,0.11048
wfa,male,494,0.0327,10.5712,0.1105
wfa,male,495,0.0325,10.578,0.11051
wfa,male,496,0.0323,10.5849,0.11052
wfa,male,497,0.032,10.5918,0.11053
wfa,male,498,0.0318,10.5987,0.11054
wfa,male,499,0.0316,10.6056,0.11056
wfa,male,500,0.0314,10.6125,0.11057
wfa,male,501,0.0312,10.6193,0.11058
wfa,male,502,0.0309,10.6262,0.11059
wfa,male,503,0.0307,10.6331,0.1106
wfa,male,504,0.0305,10.6399,0.11062
wfa,male,505,0.0303,10.6468,0.11063
wfa,male,506,0.03,10.6537,0.11064
wfa,male,507,0.0298,10.6605,0.11065
wfa,male,508,0.0296,10.6674,0.11067
wfa,male,509,0.0294,10.6742,0.11068
wfa,male,510,0.0292,10.6811,0.11069
wfa,male,511,0.0289,10.6879,0.1107
wfa,male,512,0.0287,10.6948,0.11072
wfa,male,513,0.0285,10.7016,0.11073
wfa,male,514,0.0283,10.7084,0.11074
wfa,male,515,0.0281,10.7153,0.11075
wfa,male,516,0.0279,10.7221,0.11077
wfa,male,517,0.0276,10.7289,0.11078
wfa,male,518,0.0274,10.7357,0.11079
wfa,male,519,0.0272,10.7426,0.11081
wfa,male,520,0.027,10.7494,0.11082
wfa,male,521,0.0268,10.7562,0.11083
wfa,male,522,0.0266,10.763,0.11084
wfa,male,523,0.0263,10.7698,0.11086
wfa,male,524,0.0261,10.7766,0.11087
wfa,male,525,0.0259,10.7835,0.11088
wfa,male,526,0.0257,10.7903,0.1109
wfa,male,527,0.0255,10.7971,0.11091
wfa,male,528,0.0253,10.8039,0.11092
wfa,male,529,0.025,10.8107,0.11094
wfa,male,530,0.0248,10.8174,0.11095
wfa,male,531,0.0246,10.8242,0.11096
wfa,male,532,0.0244,10.831,0.11098
wfa,male,533,0.0242,10.8378,0.11099
wfa,male,534,0.024,10.8446,0.111
wfa,male,535,0.0238,10.8514,0.11102
wfa,male,536,0.0236,10.8582,0.11103
wfa,male,537,0.0233,10.8649,0.11104
wfa,male,538,0.0231,10.8717,0.11106
wfa,male,539,0.0229,10.8785,0.11107
wfa,male,540,0.0227,10.8852,0.11108
wfa,male,541,0.0225,10.892,0.1111
wfa,male,542,0.0223,10.8988,0.11111
wfa,male,543,0.0221,10.9055,0.11113
wfa,male,544,0.0219,10.9123,0.11114
wfa,male,545,0.0217,10.9191,0.11115
wfa,male,546,0.0214,10.9258,0.11117
wfa,male,547,0.0212,10.9326,0.11118
wfa,male,548,0.021,10.9393,0.1112
wfa,male,549,0.0208,10.9461,0.11121
wfa,male,550,0.0206,10.9528,0.11122
wfa,male,551,0.0204,10.9596,0.11124
wfa,male,552,0.0202,10.9663,0.11125
wfa,male,553,0.02,10.973,0.11127
wfa,male,554,0.0198,10.9798,0.11128
wfa,male,555,0.0196,10.9865,0.11129
wfa,male,556,0.0194,10.9932,0.11131
wfa,male,557,0.0192,11,0.11132
wfa,male,558,0.0189,11.0067,0.11134
wfa,male,559,0.0187,11.0134,0.11135
wfa,male,560,0.0185,11.0202,0.11137
wfa,male,561,0.0183,11.0269,0.11138
wfa,male,562,0.0181,11.0336,0.11139
wfa,male,563,0.0179,11.0403,0.11141
wfa,male,564,0.0177,11.047,0.11142
wfa,male,565,0.0175,11.0537,0.11144
wfa,male,566,0.0173,11.0605,0.11145
wfa,male,567,0.0171,11.0672,0.11147
wfa,male,568,0.0169,11.0739,0.11148
wfa,male,569,0.0167,11.0806,0.1115
wfa,male,570,0.0165,11.0873,0.11151
wfa,male,571,0.0163,11.094,0.11153
wfa,male,572,0.0161,11.1007,0.11154
wfa,male,573,0.0159,11.1074,0.11156
wfa,male,574,0.0157,11.1141,0.11157
wfa,male,575,0.0155,11.1208,0.11159
wfa,male,576,0.0153,11.1275,0.1116
wfa,male,577,0.0151,11.1342,0.11162
wfa,male,578,0.0149,11.1409,0.11163
wfa,male,579,0.0147,11.1476,0.11165
wfa,male,580,0.0144,11.1543,0.11166
wfa,male,581,0.0142,11.161,0.11168
wfa,male,582,0.014,11.1676,0.11169
wfa,male,583,0.0138,11.1743,0.11171
wfa,male,584,0.0136,11.181,0.11172
wfa,male,585,0.0134,11.1877,0.11174
wfa,male,586,0.0132,11.1944,0.11175
wfa,male,587,0.013,11.2011,0.11177
wfa,male,588,0.0128,11.2077,0.11178
wfa,male,589,0.0126,11.2144,0.1118
wfa,male,590,0.0124,11.2211,0.11182
wfa,male,591,0.0122,11.2278,0.11183
wfa,male,592,0.012,11.2345,0.11185
wfa,male,593,0.0118,11.2411,0.11186
wfa,male,594,0.0116,11.2478,0.11188
wfa,male,595,0.0114,11.2545,0.11189
wfa,male,596,0.0112,11.2612,0.11191
wfa,male,597,0.0111,11.2678,0.11192
wfa,male,598,0.0109,11.2745,0.11194
wfa,male,599,0.0107,11.2812,0.11196
wfa,male,600,0.0105,11.2878,0.11197
wfa,male,601,0.0103,11.2945,0.11199
wfa,male,602,0.0101,11.3012,0.112
wfa,male,603,0.0099,11.3078,0.11202
wfa,male,604,0.0097,11.3145,0.11204
wfa,male,605,0.0095,11.3212,0.11205
wfa,male,606,0.0093,11.3278,0.11207
wfa,male,607,0.0091,11.3345,0.11208
wfa,male,608,0.0089,11.3412,0.1121
wfa,male,609,0.0087,11.3478,0.11212
wfa,male,610,0.0085,11.3545,0.11213
wfa,male,611,0.0083,11.3612,0.11215
wfa,male,612,0.0081,11.3678,0.11216
wfa,male,613,0.0079,11.3745,0.11218
wfa,male,614,0.0077,11.3811,0.1122
wfa,male,615,0.0075,11.3878,0.11221
wfa,male,616,0.0073,11.3945,0.11223
wfa,male,617,0.0071,11.4011,0.11224
wfa,male,618,0.0069,11.4078,0.11226
wfa,male,619,0.0067,11.4144,0.11228
wfa,male,620,0.0066,11.4211,0.11229
wfa,male,621,0.0064,11.4277,0.11231
wfa,male,622,0.0062,11.4344,0.11233
wfa,male,623,0.006,11.441,0.11234
wfa,male,624,0.0058,11.4477,0.11236
wfa,male,625,0.0056,11.4543,0.11238
wfa,male,626,0.0054,11.461,0.11239
wfa,male,627,0.0052,11.4676,0.11241
wfa,male,628,0.005,11.4743,0.11243
wfa,male,629,0.0048,11.4809,0.11244
wfa,male,630,0.0046,11.4876,0.11246
wfa,male,631,0.0044,11.4942,0.11248
wfa,male,632,0.0043,11.5009,0.11249
wfa,male,633,0.0041,11.5075,0.11251
wfa,male,634,0.0039,11.5142,0.11253
wfa,male,635,0.0037,11.5208,0.11254
wfa,male,636,0.0035,11.5274,0.11256
wfa,male,637,0.0033,11.5341,0.11258
wfa,male,638,0.0031,11.5407,0.11259
wfa,male,639,0.0029,11.5474,0.11261
wfa,male,640,0.0027,11.554,0.11263
wfa,male,641,0.0025,11.5606,0.11265
wfa,male,642,0.0024,11.5673,0.11266
wfa,male,643,0.0022,11.5739,0.11268
wfa,male,644,0.002,11.5806,0.1127
wfa,male,645,0.0018,11.5872,0.11271
wfa,male,646,0.0016,11.5938,0.11273
wfa,male,647,0.0014,11.6005,0.11275
wfa,male,648,0.0012,11.6071,0.11276
wfa,male,649,0.001,11.6137,0.11278
wfa,male,650,0.0008,11.6204,0.1128
wfa,male,651,0.0007,11.627,0.11282
wfa,male,652,0.0005,11.6336,0.11283
wfa,male,653,0.0003,11.6403,0.11285
wfa,male,654,0.0001,11.6469,0.11287
wfa,male,655,-0.0001,11.6535,0.11289
wfa,male,656,-0.0003,11.6601,0.1129
wfa,male,657,-0.0005,11.6668,0.11292
wfa,male,658,-0.0006,11.6734,0.11294
wfa,male,659,-0.0008,11.68,0.11296
wfa,male,660,-0.001,11.6866,0.11297
wfa,male,661,-0.0012,11.6933,0.11299
wfa,male,662,-0.0014,11.6999,0.11301
wfa,male,663,-0.0016,11.7065,0.11303
wfa,male,664,-0.0018,11.7131,0.11304
wfa,male,665,-0.0019,11.7198,0.11306
wfa,male,666,-0.0021,11.7264,0.11308
wfa,male,667,-0.0023,11.733,0.1131
wfa,male,668,-0.0025,11.7396,0.11311
wfa,male,669,-0.0027,11.7462,0.11313
wfa,male,670,-0.0029,11.7528,0.11315
wfa,male,671,-0.003,11.7595,0.11317
wfa,male,672,-0.0032,11.7661,0.11318
wfa,male,673,-0.0034,11.7727,0.1132
wfa,male,674,-0.0036,11.7793,0.11322
wfa,male,675,-0.0038,11.7859,0.11324
wfa,male,676,-0.004,11.7925,0.11326
wfa,male,677,-0.0041,11.7991,0.11327
wfa,male,678,-0.0043,11.8057,0.11329
wfa,male,679,-0.0045,11.8124,0.11331
wfa,male,680,-0.0047,11.819,0.11333
wfa,male,681,-0.0049,11.8256,0.11335
wfa,male,682,-0.0051,11.8322,0.11336
wfa,male,683,-0.0052,11.8388,0.11338
wfa,male,684,-0.0054,11.8454,0.1134
wfa,male,685,-0.0056,11.852,0.11342
wfa,male,686,-0.0058,11.8586,0.11344
wfa,male,687,-0.006,11.8652,0.11345
wfa,male,688,-0.0061,11.8718,0.11347
wfa,male,689,-0.0063,11.8784,0.11349
wfa,male,690,-0.0065,11.885,0.11351
wfa,male,691,-0.0067,11.8916,0.11353
wfa,male,692,-0.0069,11.8982,0.11354
wfa,male,693,-0.007,11.9048,0.11356
wfa,male,694,-0.0072,11.9114,0.11358
wfa,male,695,-0.0074,11.918,0.1136
wfa,male,696,-0.0076,11.9246,0.11362
wfa,male,697,-0.0078,11.9312,0.11364
wfa,male,698,-0.0079,11.9378,0.11365
wfa,male,699,-0.0081,11.9444,0.11367
wfa,male,700,-0.0083,11.951,0.11369
wfa,male,701,-0.0085,11.9576,0.11371
wfa,male,702,-0.0087,11.9642,0.11373
wfa,male,703,-0.0088,11.9707,0.11375
wfa,male,704,-0.009,11.9773,0.11376
wfa,male,705,-0.0092,11.9839,0.11378
wfa,male,706,-0.0094,11.9905,0.1138
wfa,male,707,-0.0095,11.9971,0.11382
wfa,male,708,-0.0097,12.0037,0.11384
wfa,male,709,-0.0099,12.0103,0.11386
wfa,male,710,-0.0101,12.0168,0.11388
wfa,male,711,-0.0102,12.0234,0.11389
wfa,male,712,-0.0104,12.03,0.11391
wfa,male,713,-0.0106,12.0366,0.11393
wfa,male,714,-0.0108,12.0431,0.11395
wfa,male,715,-0.011,12.0497,0.11397
wfa,male,716,-0.0111,12.0563,0.11399
wfa,male,717,-0.0113,12.0629,0.11401
wfa,male,718,-0.0115,12.0694,0.11403
wfa,male,719,-0.0117,12.076,0.11404
wfa,male,720,-0.0118,12.0826,0.11406
wfa,male,721,-0.012,12.0891,0.11408
wfa,male,722,-0.0122,12.0957,0.1141
wfa,male,723,-0.0124,12.1023,0.11412
wfa,male,724,-0.0125,12.1088,0.11414
wfa,male,725,-0.0127,12.1154,0.11416
wfa,male,726,-0.0129,12.122,0.11418
wfa,male,727,-0.0131,12.1285,0.1142
wfa,male,728,-0.0132,12.1351,0.11421
wfa,male,729,-0.0134,12.1416,0.11423
wfa,male,730,-0.0136,12.1482,0.11425
wfa,male,731,-0.0137,12.1548,0.11427
wfa,male,732,-0.0139,12.1613,0.11429
wfa,male,733,-0.0141,12.1679,0.11431
wfa,male,734,-0.0143,12.1744,0.11433
wfa,male,735,-0.0144,12.181,0.11435
wfa,male,736,-0.0146,12.1875,0.11437
wfa,male,737,-0.0148,12.1941,0.11439
wfa,male,738,-0.015,12.2006,0.1144
wfa,male,739,-0.0151,12.2072,0.11442
wfa,male,740,-0.0153,12.2137,0.11444
wfa,male,741,-0.0155,12.2202,0.11446
wfa,male,742,-0.0156,12.2268,0.11448
wfa,male,743,-0.0158,12.2333,0.1145
wfa,male,744,-0.016,12.2398,0.11452
wfa,male,745,-0.0162,12.2464,0.11454
wfa,male,746,-0.0163,12.2529,0.11456
wfa,male,747,-0.0165,12.2594,0.11458
wfa,male,748,-0.0167,12.266,0.1146
wfa,male,749,-0.0168,12.2725,0.11462
wfa,male,750,-0.017,12.279,0.11464
wfa,male,751,-0.0172,12.2855,0.11465
wfa,male,752,-0.0174,12.292,0.11467
wfa,male,753,-0.0175,12.2986,0.11469
wfa,male,754,-0.0177,12.3051,0.11471
wfa,male,755,-0.0179,12.3116,0.11473
wfa,male,756,-0.018,12.3181,0.11475
wfa,male,757,-0.0182,12.3246,0.11477
wfa,male,758,-0.0184,12.3311,0.11479
wfa,male,759,-0.0185,12.3376,0.11481
wfa,male,760,-0.0187,12.3441,0.11483
wfa,male,761,-0.0189,12.3506,0.11485
wfa,male,762,-0.0191,12.3571,0.11487
wfa,male,763,-0.0192,12.3636,0.11489
wfa,male,764,-0.0194,12.3701,0.11491
wfa,male,765,-0.0196,12.3766,0.11493
wfa,male,766,-0.0197,12.383,0.11495
wfa,male,767,-0.0199,12.3895,0.11497
wfa,male,768,-0.0201,12.396,0.11498
wfa,male,769,-0.0202,12.4025,0.115
wfa,male,770,-0.0204,12.409,0.11502
wfa,male,771,-0.0206,12.4154,0.11504
wfa,male,772,-0.0207,12.4219,0.11506
wfa,male,773,-0.0209,12.4284,0.11508
wfa,male,774,-0.0211,12.4348,0.1151
wfa,male,775,-0.0212,12.4413,0.11512
wfa,male,776,-0.0214,12.4477,0.11514
wfa,male,777,-0.0216,12.4542,0.11516
wfa,male,778,-0.0217,12.4606,0.11518
wfa,male,779,-0.0219,12.4671,0.1152
wfa,male,780,-0.0221,12.4735,0.11522
wfa,male,781,-0.0222,12.48,0.11524
wfa,male,782,-0.0224,12.4864,0.11526
wfa,male,783,-0.0226,12.4929,0.11528
wfa,male,784,-0.0227,12.4993,0.1153
wfa,male,785,-0.0229,12.5057,0.11532
wfa,male,786,-0.0231,12.5121,0.11534
wfa,male,787,-0.0232,12.5186,0.11536
wfa,male,788,-0.0234,12.525,0.11538
wfa,male,789,-0.0236,12.5314,0.1154
wfa,male,790,-0.0237,12.5378,0.11542
wfa,male,791,-0.0239,12.5442,0.11544
wfa,male,792,-0.0241,12.5506,0.11545
wfa,male,793,-0.0242,12.557,0.11547
wfa,male,794,-0.0244,12.5634,0.11549
wfa,male,795,-0.0246,12.5698,0.11551
wfa,male,796,-0.0247,12.5762,0.11553
wfa,male,797,-0.0249,12.5826,0.11555
wfa,male,798,-0.025,12.589,0.11557
wfa,male,799,-0.0252,12.5954,0.11559
wfa,male,800,-0.0254,12.6018,0.11561
wfa,male,801,-0.0255,12.6082,0.11563
wfa,male,802,-0.0257,12.6145,0.11565
wfa,male,803,-0.0259,12.6209,0.11567
wfa,male,804,-0.026,12.6273,0.11569
wfa,male,805,-0.0262,12.6336,0.11571
wfa,male,806,-0.0264,12.64,0.11573
wfa,male,807,-0.0265,12.6464,0.11575
wfa,male,808,-0.0267,12.6527,0.11577
wfa,male,809,-0.0268,12.6591,0.11579
wfa,male,810,-0.027,12.6654,0.11581
wfa,male,811,-0.0272,12.6718,0.11583
wfa,male,812,-0.0273,12.6781,0.11585
wfa,male,813,-0.0275,12.6844,0.11587
wfa,male,814,-0.0277,12.6908,0.11589
wfa,male,815,-0.0278,12.6971,0.11591
wfa,male,816,-0.028,12.7034,0.11593
wfa,male,817,-0.0281,12.7098,0.11595
wfa,male,818,-0.0283,12.7161,0.11597
wfa,male,819,-0.0285,12.7224,0.11599
wfa,male,820,-0.0286,12.7287,0.11601
wfa,male,821,-0.0288,12.735,0.11602
wfa,male,822,-0.0289,12.7413,0.11604
wfa,male,823,-0.0291,12.7476,0.11606
wfa,male,824,-0.0293,12.7539,0.11608
wfa,male,825,-0.0294,12.7602,0.1161
wfa,male,826,-0.0296,12.7665,0.11612
wfa,male,827,-0.0297,12.7728,0.11614
wfa,male,828,-0.0299,12.7791,0.11616
wfa,male,829,-0.0301,12.7854,0.11618
wfa,male,830,-0.0302,12.7916,0.1162
wfa,male,831,-0.0304,12.7979,0.11622
wfa,male,832,-0.0305,12.8042,0.11624
wfa,male,833,-0.0307,12.8104,0.11626
wfa,male,834,-0.0309,12.8167,0.11628
wfa,male,835,-0.031,12.823,0.1163
wfa,male,836,-0.0312,12.8292,0.11632
wfa,male,837,-0.0313,12.8355,0.11634
wfa,male,838,-0.0315,12.8417,0.11636
wfa,male,839,-0.0317,12.848,0.11638
wfa,male,840,-0.0318,12.8542,0.1164
wfa,male,841,-0.032,12.8604,0.11642
wfa,male,842,-0.0321,12.8667,0.11644
wfa,male,843,-0.0323,12.8729,0.11646
wfa,male,844,-0.0324,12.8791,0.11647
wfa,male,845,-0.0326,12.8853,0.11649
wfa,male,846,-0.0328,12.8915,0.11651
wfa,male,847,-0.0329,12.8978,0.11653
wfa,male,848,-0.0331,12.904,0.11655
wfa,male,849,-0.0332,12.9102,0.11657
wfa,male,850,-0.0334,12.9164,0.11659
wfa,male,851,-0.0336,12.9226,0.11661
wfa,male,852,-0.0337,12.9288,0.11663
wfa,male,853,-0.0339,12.935,0.11665
wfa,male,854,-0.034,12.9411,0.11667
wfa,male,855,-0.0342,12.9473,0.11669
wfa,male,856,-0.0343,12.9535,0.11671
wfa,male,857,-0.0345,12.9597,0.11673
wfa,male,858,-0.0346,12.9658,0.11675
wfa,male,859,-0.0348,12.972,0.11677
wfa,male,860,-0.035,12.9782,0.11679
wfa,male,861,-0.0351,12.9843,0.11681
wfa,male,862,-0.0353,12.9905,0.11683
wfa,male,863,-0.0354,12.9966,0.11684
wfa,male,864,-0.0356,13.0028,0.11686
wfa,male,865,-0.0357,13.0089,0.11688
wfa,male,866,-0.0359,13.0151,0.1169
wfa,male,867,-0.0361,13.0212,0.11692
wfa,male,868,-0.0362,13.0273,0.11694
wfa,male,869,-0.0364,13.0334,0.11696
wfa,male,870,-0.0365,13.0396,0.11698
wfa,male,871,-0.0367,13.0457,0.117
wfa,male,872,-0.0368,13.0518,0.11702
wfa,male,873,-0.037,13.0579,0.11704
wfa,male,874,-0.0371,13.064,0.11706
wfa,male,875,-0.0373,13.0701,0.11708
wfa,male,876,-0.0374,13.0762,0.1171
wfa,male,877,-0.0376,13.0823,0.11712
wfa,male,878,-0.0378,13.0884,0.11713
wfa,male,879,-0.0379,13.0945,0.11715
wfa,male,880,-0.0381,13.1006,0.11717
wfa,male,881,-0.0382,13.1067,0.11719
wfa,male,882,-0.0384,13.1127,0.11721
wfa,male,883,-0.0385,13.1188,0.11723
wfa,male,884,-0.0387,13.1249,0.11725
wfa,male,885,-0.0388,13.131,0.11727
wfa,male,886,-0.039,13.137,0.11729
wfa,male,887,-0.0391,13.1431,0.11731
wfa,male,888,-0.0393,13.1491,0.11733
wfa,male,889,-0.0394,13.1552,0.11735
wfa,male,890,-0.0396,13.1612,0.11737
wfa,male,891,-0.0397,13.1673,0.11739
wfa,male,892,-0.0399,13.1733,0.1174
wfa,male,893,-0.0401,13.1793,0.11742
wfa,male,894,-0.0402,13.1854,0.11744
wfa,male,895,-0.0404,13.1914,0.11746
wfa,male,896,-0.0405,13.1974,0.11748
wfa,male,897,-0.0407,13.2034,0.1175
wfa,male,898,-0.0408,13.2095,0.11752
wfa,male,899,-0.041,13.2155,0.11754
wfa,male,900,-0.0411,13.2215,0.11756
wfa,male,901,-0.0413,13.2275,0.11758
wfa,male,902,-0.0414,13.2335,0.1176
wfa,male,903,-0.0416,13.2395,0.11762
wfa,male,904,-0.0417,13.2455,0.11763
wfa,male,905,-0.0419,13.2515,0.11765
wfa,male,906,-0.042,13.2575,0.11767
wfa,male,907,-0.0422,13.2634,0.11769
wfa,male,908,-0.0423,13.2694,0.11771
wfa,male,909,-0.0425,13.2754,0.11773
wfa,male,910,-0.0426,13.2814,0.11775
wfa,male,911,-0.0428,13.2873,0.11777
wfa,male,912,-0.0429,13.2933,0.11779
wfa,male,913,-0.0431,13.2993,0.11781
wfa,male,914,-0.0432,13.3052,0.11783
wfa,male,915,-0.0434,13.3112,0.11785
wfa,male,916,-0.0435,13.3171,0.11786
wfa,male,917,-0.0437,13.3231,0.11788
wfa,male,918,-0.0438,13.329,0.1179
wfa,male,919,-0.044,13.335,0.11792
wfa,male,920,-0.0441,13.3409,0.11794
wfa,male,921,-0.0443,13.3468,0.11796
wfa,male,922,-0.0444,13.3528,0.11798
wfa,male,923,-0.0446,13.3587,0.118
wfa,male,924,-0.0447,13.3646,0.11802
wfa,male,925,-0.0449,13.3705,0.11804
wfa,male,926,-0.045,13.3765,0.11805
wfa,male,927,-0.0452,13.3824,0.11807
wfa,male,928,-0.0453,13.3883,0.11809
wfa,male,929,-0.0455,13.3942,0.11811
wfa,male,930,-0.0456,13.4001,0.11813
wfa,male,931,-0.0458,13.406,0.11815
wfa,male,932,-0.0459,13.4119,0.11817
wfa,male,933,-0.0461,13.4178,0.11819
wfa,male,934,-0.0462,13.4237,0.11821
wfa,male,935,-0.0464,13.4296,0.11823
wfa,male,936,-0.0465,13.4354,0.11825
wfa,male,937,-0.0466,13.4413,0.11826
wfa,male,938,-0.0468,13.4472,0.11828
wfa,male,939,-0.0469,13.4531,0.1183
wfa,male,940,-0.0471,13.4589,0.11832
wfa,male,941,-0.0472,13.4648,0.11834
wfa,male,942,-0.0474,13.4707,0.11836
wfa,male,943,-0.0475,13.4765,0.11838
wfa,male,944,-0.0477,13.4824,0.1184
wfa,male,945,-0.0478,13.4883,0.11842
wfa,male,946,-0.048,13.4941,0.11843
wfa,male,947,-0.0481,13.5,0.11845
wfa,male,948,-0.0483,13.5058,0.11847
wfa,male,949,-0.0484,13.5116,0.11849
wfa,male,950,-0.0486,13.5175,0.11851
wfa,male,951,-0.0487,13.5233,0.11853
wfa,male,952,-0.0489,13.5291,0.11855
wfa,male,953,-0.049,13.535,0.11857
wfa,male,954,-0.0491,13.5408,0.11859
wfa,male,955,-0.0493,13.5466,0.1186
wfa,male,956,-0.0494,13.5524,0.11862
wfa,male,957,-0.0496,13.5583,0.11864
wfa,male,958,-0.0497,13.5641,0.11866
wfa,male,959,-0.0499,13.5699,0.11868
wfa,male,960,-0.05,13.5757,0.1187
wfa,male,961,-0.0502,13.5815,0.11872
wfa,male,962,-0.0503,13.5873,0.11874
wfa,male,963,-0.0505,13.5931,0.11876
wfa,male,964,-0.0506,13.5989,0.11877
wfa,male,965,-0.0507,13.6047,0.11879
wfa,male,966,-0.0509,13.6105,0.11881
wfa,male,967,-0.051,13.6163,0.11883
wfa,male,968,-0.0512,13.622,0.11885
wfa,male,969,-0.0513,13.6278,0.11887
wfa,male,970,-0.0515,13.6336,0.11889
wfa,male,971,-0.0516,13.6394,0.11891
wfa,male,972,-0.0518,13.6452,0.11892
wfa,male,973,-0.0519,13.6509,0.11894
wfa,male,974,-0.052,13.6567,0.11896
wfa,male,975,-0.0522,13.6625,0.11898
wfa,male,976,-0.0523,13.6682,0.119
wfa,male,977,-0.0525,13.674,0.11902
wfa,male,978,-0.0526,13.6797,0.11904
wfa,male,979,-0.0528,13.6855,0.11906
wfa,male,980,-0.0529,13.6912,0.11907
wfa,male,981,-0.053,13.697,0.11909
wfa,male,982,-0.0532,13.7027,0.11911
wfa,male,983,-0.0533,13.7085,0.11913
wfa,male,984,-0.0535,13.7142,0.11915
wfa,male,985,-0.0536,13.7199,0.11917
wfa,male,986,-0.0538,13.7257,0.11919
wfa,male,987,-0.0539,13.7314,0.1192
wfa,male,988,-0.054,13.7371,0.11922
wfa,male,989,-0.0542,13.7429,0.11924
wfa,male,990,-0.0543,13.7486,0.11926
wfa,male,991,-0.0545,13.7543,0.11928
wfa,male,992,-0.0546,13.76,0.1193
wfa,male,993,-0.0548,13.7657,0.11932
wfa,male,994,-0.0549,13.7715,0.11933
wfa,male,995,-0.055,13.7772,0.11935
wfa,male,996,-0.0552,13.7829,0.11937
wfa,male,997,-0.0553,13.7886,0.11939
wfa,male,998,-0.0555,13.7943,0.11941
wfa,male,999,-0.0556,13.8,0.11943
wfa,male,1000,-0.0558,13.8057,0.11945
wfa,male,1001,-0.0559,13.8114,0.11946
wfa,male,1002,-0.056,13.8171,0.11948
wfa,male,1003,-0.0562,13.8228,0.1195
wfa,male,1004,-0.0563,13.8285,0.11952
wfa,male,1005,-0.0565,13.8341,0.11954
wfa,male,1006,-0.0566,13.8398,0.11956
wfa,male,1007,-0.0567,13.8455,0.11957
wfa,male,1008,-0.0569,13.8512,0.11959
wfa,male,1009,-0.057,13.8569,0.11961
wfa,male,1010,-0.0572,13.8625,0.11963
wfa,male,1011,-0.0573,13.8682,0.11965
wfa,male,1012,-0.0574,13.8739,0.11967
wfa,male,1013,-0.0576,13.8796,0.11968
wfa,male,1014,-0.0577,13.8852,0.1197
wfa,male,1015,-0.0579,13.8909,0.11972
wfa,male,1016,-0.058,13.8966,0.11974
wfa,male,1017,-0.0581,13.9022,0.11976
wfa,male,1018,-0.0583,13.9079,0.11978
wfa,male,1019,-0.0584,13.9135,0.11979
wfa,male,1020,-0.0586,13.9192,0.11981
wfa,male,1021,-0.0587,13.9248,0.11983
wfa,male,1022,-0.0588,13.9305,0.11985
wfa,male,1023,-0.059,13.9361,0.11987
wfa,male,1024,-0.0591,13.9418,0.11988
wfa,male,1025,-0.0593,13.9474,0.1199
wfa,male,1026,-0.0594,13.9531,0.11992
wfa,male,1027,-0.0595,13.9587,0.11994
wfa,male,1028,-0.0597,13.9644,0.11996
wfa,male,1029,-0.0598,13.97,0.11998
wfa,male,1030,-0.06,13.9756,0.11999
wfa,male,1031,-0.0601,13.9813,0.12001
wfa,male,1032,-0.0602,13.9869,0.12003
wfa,male,1033,-0.0604,13.9925,0.12005
wfa,male,1034,-0.0605,13.9982,0.12007
wfa,male,1035,-0.0607,14.0038,0.12008
wfa,male,1036,-0.0608,14.0094,0.1201
wfa,male,1037,-0.0609,14.015,0.12012
wfa,male,1038,-0.0611,14.0207,0.12014
wfa,male,1039,-0.0612,14.0263,0.12016
wfa,male,1040,-0.0613,14.0319,0.12017
wfa,male,1041,-0.0615,14.0375,0.12019
wfa,male,1042,-0.0616,14.0431,0.12021
wfa,male,1043,-0.0618,14.0488,0.12023
wfa,male,1044,-0.0619,14.0544,0.12025
wfa,male,1045,-0.062,14.06,0.12026
wfa,male,1046,-0.0622,14.0656,0.12028
wfa,male,1047,-0.0623,14.0712,0.1203
wfa,male,1048,-0.0624,14.0768,0.12032
wfa,male,1049,-0.0626,14.0824,0.12033
wfa,male,1050,-0.0627,14.088,0.12035
wfa,male,1051,-0.0629,14.0936,0.12037
wfa,male,1052,-0.063,14.0992,0.12039
wfa,male,1053,-0.0631,14.1048,0.12041
wfa,male,1054,-0.0633,14.1104,0.12042
wfa,male,1055,-0.0634,14.116,0.12044
wfa,male,1056,-0.0635,14.1216,0.12046
wfa,male,1057,-0.0637,14.1272,0.12048
wfa,male,1058,-0.0638,14.1328,0.1205
wfa,male,1059,-0.0639,14.1384,0.12051
wfa,male,1060,-0.0641,14.144,0.12053
wfa,male,1061,-0.0642,14.1495,0.12055
wfa,male,1062,-0.0644,14.1551,0.12057
wfa,male,1063,-0.0645,14.1607,0.12058
wfa,male,1064,-0.0646,14.1663,0.1206
wfa,male,1065,-0.0648,14.1719,0.12062
wfa,male,1066,-0.0649,14.1775,0.12064
wfa,male,1067,-0.065,14.183,0.12065
wfa,male,1068,-0.0652,14.1886,0.12067
wfa,male,1069,-0.0653,14.1942,0.12069
wfa,male,1070,-0.0654,14.1998,0.12071
wfa,male,1071,-0.0656,14.2053,0.12073
wfa,male,1072,-0.0657,14.2109,0.12074
wfa,male,1073,-0.0658,14.2165,0.12076
wfa,male,1074,-0.066,14.2221,0.12078
wfa,male,1075,-0.0661,14.2276,0.1208
wfa,male,1076,-0.0663,14.2332,0.12081
wfa,male,1077,-0.0664,14.2388,0.12083
wfa,male,1078,-0.0665,14.2443,0.12085
wfa,male,1079,-0.0667,14.2499,0.12087
wfa,male,1080,-0.0668,14.2554,0.12088
wfa,male,1081,-0.0669,14.261,0.1209
wfa,male,1082,-0.0671,14.2666,0.12092
wfa,male,1083,-0.0672,14.2721,0.12094
wfa,male,1084,-0.0673,14.2777,0.12095
wfa,male,1085,-0.0675,14.2832,0.12097
wfa,male,1086,-0.0676,14.2888,0.12099
wfa,male,1087,-0.0677,14.2944,0.12101
wfa,male,1088,-0.0679,14.2999,0.12102
wfa,male,1089,-0.068,14.3055,0.12104
wfa,male,1090,-0.0681,14.311,0.12106
wfa,male,1091,-0.0683,14.3166,0.12108
wfa,male,1092,-0.0684,14.3221,0.12109
wfa,male,1093,-0.0685,14.3277,0.12111
wfa,male,1094,-0.0687,14.3332,0.12113
wfa,male,1095,-0.0688,14.3387,0.12115
wfa,male,1096,-0.0689,14.3443,0.12116
wfa,male,1097,-0.0691,14.3498,0.12118
wfa,male,1098,-0.0692,14.3554,0.1212
wfa,male,1099,-0.0693,14.3609,0.12121
wfa,male,1100,-0.0695,14.3665,0.12123
wfa,male,1101,-0.0696,14.372,0.12125
wfa,male,1102,-0.0697,14.3775,0.12127
wfa,male,1103,-0.0699,14.3831,0.12128
wfa,male,1104,-0.07,14.3886,0.1213
wfa,male,1105,-0.0701,14.3942,0.12132
wfa,male,1106,-0.0703,14.3997,0.12134
wfa,male,1107,-0.0704,14.4052,0.12135
wfa,male,1108,-0.0705,14.4108,0.12137
wfa,male,1109,-0.0707,14.4163,0.12139
wfa,male,1110,-0.0708,14.4218,0.12141
wfa,male,1111,-0.0709,14.4274,0.12142
wfa,male,1112,-0.0711,14.4329,0.12144
wfa,male,1113,-0.0712,14.4384,0.12146
wfa,male,1114,-0.0713,14.4439,0.12147
wfa,male,1115,-0.0715,14.4495,0.12149
wfa,male,1116,-0.0716,14.455,0.12151
wfa,male,1117,-0.0717,14.4605,0.12153
wfa,male,1118,-0.0718,14.4661,0.12154
wfa,male,1119,-0.072,14.4716,0.12156
wfa,male,1120,-0.0721,14.4771,0.12158
wfa,male,1121,-0.0722,14.4826,0.12159
wfa,male,1122,-0.0724,14.4881,0.12161
wfa,male,1123,-0.0725,14.4937,0.12163
wfa,male,1124,-0.0726,14.4992,0.12165
wfa,male,1125,-0.0728,14.5047,0.12166
wfa,male,1126,-0.0729,14.5102,0.12168
wfa,male,1127,-0.073,14.5158,0.1217
wfa,male,1128,-0.0732,14.5213,0.12171
wfa,male,1129,-0.0733,14.5268,0.12173
wfa,male,1130,-0.0734,14.5323,0.12175
wfa,male,1131,-0.0736,14.5378,0.12177
wfa,male,1132,-0.0737,14.5433,0.12178
wfa,male,1133,-0.0738,14.5489,0.1218
wfa,male,1134,-0.0739,14.5544,0.12182
wfa,male,1135,-0.0741,14.5599,0.12183
wfa,male,1136,-0.0742,14.5654,0.12185
wfa,male,1137,-0.0743,14.5709,0.12187
wfa,male,1138,-0.0745,14.5764,0.12189
wfa,male,1139,-0.0746,14.5819,0.1219
wfa,male,1140,-0.0747,14.5875,0.12192
wfa,male,1141,-0.0749,14.593,0.12194
wfa,male,1142,-0.075,14.5985,0.12195
wfa,male,1143,-0.0751,14.604,0.12197
wfa,male,1144,-0.0752,14.6095,0.12199
wfa,male,1145,-0.0754,14.615,0.122
wfa,male,1146,-0.0755,14.6205,0.12202
wfa,male,1147,-0.0756,14.626,0.12204
wfa,male,1148,-0.0758,14.6315,0.12206
wfa,male,1149,-0.0759,14.6371,0.12207
wfa,male,1150,-0.076,14.6426,0.12209
wfa,male,1151,-0.0762,14.6481,0.12211
wfa,male,1152,-0.0763,14.6536,0.12212
wfa,male,1153,-0.0764,14.6591,0.12214
wfa,male,1154,-0.0765,14.6646,0.12216
wfa,male,1155,-0.0767,14.6701,0.12217
wfa,male,1156,-0.0768,14.6756,0.12219
wfa,male,1157,-0.0769,14.6811,0.12221
wfa,male,1158,-0.0771,14.6866,0.12222
wfa,male,1159,-0.0772,14.6921,0.12224
wfa,male,1160,-0.0773,14.6976,0.12226
wfa,male,1161,-0.0774,14.7032,0.12228
wfa,male,1162,-0.0776,14.7087,0.12229
wfa,male,1163,-0.0777,14.7142,0.12231
wfa,male,1164,-0.0778,14.7197,0.12233
wfa,male,1165,-0.078,14.7252,0.12234
wfa,male,1166,-0.0781,14.7307,0.12236
wfa,male,1167,-0.0782,14.7362,0.12238
wfa,male,1168,-0.0783,14.7417,0.12239
wfa,male,1169,-0.0785,14.7472,0.12241
wfa,male,1170,-0.0786,14.7527,0.12243
wfa,male,1171,-0.0787,14.7582,0.12244
wfa,male,1172,-0.0788,14.7637,0.12246
wfa,male,1173,-0.079,14.7692,0.12248
wfa,male,1174,-0.0791,14.7747,0.12249
wfa,male,1175,-0.0792,14.7802,0.12251
wfa,male,1176,-0.0794,14.7857,0.12253
wfa,male,1177,-0.0795,14.7912,0.12254
wfa,male,1178,-0.0796,14.7967,0.12256
wfa,male,1179,-0.0797,14.8022,0.12258
wfa,male,1180,-0.0799,14.8077,0.12259
wfa,male,1181,-0.08,14.8132,0.12261
wfa,male,1182,-0.0801,14.8187,0.12263
wfa,male,1183,-0.0802,14.8242,0.12265
wfa,male,1184,-0.0804,14.8297,0.12266
wfa,male,1185,-0.0805,14.8352,0.12268
wfa,male,1186,-0.0806,14.8407,0.1227
wfa,male,1187,-0.0808,14.8462,0.12271
wfa,male,1188,-0.0809,14.8517,0.12273
wfa,male,1189,-0.081,14.8572,0.12275
wfa,male,1190,-0.0811,14.8627,0.12276
wfa,male,1191,-0.0813,14.8682,0.12278
wfa,male,1192,-0.0814,14.8737,0.1228
wfa,male,1193,-0.0815,14.8792,0.12281
wfa,male,1194,-0.0816,14.8847,0.12283
wfa,male,1195,-0.0818,14.8902,0.12285
wfa,male,1196,-0.0819,14.8957,0.12286
wfa,male,1197,-0.082,14.9012,0.12288
wfa,male,1198,-0.0821,14.9067,0.1229
wfa,male,1199,-0.0823,14.9122,0.12291
wfa,male,1200,-0.0824,14.9177,0.12293
wfa,male,1201,-0.0825,14.9232,0.12295
wfa,male,1202,-0.0826,14.9287,0.12296
wfa,male,1203,-0.0828,14.9342,0.12298
wfa,male,1204,-0.0829,14.9397,0.123
wfa,male,1205,-0.083,14.9452,0.12301
wfa,male,1206,-0.0831,14.9507,0.12303
wfa,male,1207,-0.0833,14.9562,0.12305
wfa,male,1208,-0.0834,14.9617,0.12306
wfa,male,1209,-0.0835,14.9672,0.12308
wfa,male,1210,-0.0836,14.9727,0.1231
wfa,male,1211,-0.0838,14.9782,0.12311
wfa,male,1212,-0.0839,14.9837,0.12313
wfa,male,1213,-0.084,14.9892,0.12315
wfa,male,1214,-0.0841,14.9947,0.12316
wfa,male,1215,-0.0843,15.0002,0.12318
wfa,male,1216,-0.0844,15.0057,0.1232
wfa,male,1217,-0.0845,15.0112,0.12321
wfa,male,1218,-0.0846,15.0167,0.12323
wfa,male,1219,-0.0848,15.0222,0.12325
wfa,male,1220,-0.0849,15.0277,0.12326
wfa,male,1221,-0.085,15.0332,0.12328
wfa,male,1222,-0.0851,15.0387,0.1233
wfa,male,1223,-0.0853,15.0442,0.12331
wfa,male,1224,-0.0854,15.0497,0.12333
wfa,male,1225,-0.0855,15.0552,0.12335
wfa,male,1226,-0.0856,15.0607,0.12336
wfa,male,1227,-0.0858,15.0662,0.12338
wfa,male,1228,-0.0859,15.0717,0.1234
wfa,male,1229,-0.086,15.0772,0.12342
wfa,male,1230,-0.0861,15.0827,0.12343
wfa,male,1231,-0.0863,15.0882,0.12345
wfa,male,1232,-0.0864,15.0937,0.12347
wfa,male,1233,-0.0865,15.0992,0.12348
wfa,male,1234,-0.0866,15.1047,0.1235
wfa,male,1235,-0.0868,15.1102,0.12352
wfa,male,1236,-0.0869,15.1157,0.12353
wfa,male,1237,-0.087,15.1212,0.12355
wfa,male,1238,-0.0871,15.1267,0.12357
wfa,male,1239,-0.0872,15.1322,0.12358
wfa,male,1240,-0.0874,15.1377,0.1236
wfa,male,1241,-0.0875,15.1432,0.12362
wfa,male,1242,-0.0876,15.1487,0.12363
wfa,male,1243,-0.0877,15.1542,0.12365
wfa,male,1244,-0.0879,15.1596,0.12367
wfa,male,1245,-0.088,15.1651,0.12368
wfa,male,1246,-0.0881,15.1706,0.1237
wfa,male,1247,-0.0882,15.1761,0.12372
wfa,male,1248,-0.0883,15.1816,0.12373
wfa,male,1249,-0.0885,15.1871,0.12375
wfa,male,1250,-0.0886,15.1926,0.12377
wfa,male,1251,-0.0887,15.1981,0.12379
wfa,male,1252,-0.0888,15.2036,0.1238
wfa,male,1253,-0.089,15.2091,0.12382
wfa,male,1254,-0.0891,15.2146,0.12384
wfa,male,1255,-0.0892,15.2201,0.12385
wfa,male,1256,-0.0893,15.2256,0.12387
wfa,male,1257,-0.0894,15.2311,0.12389
wfa,male,1258,-0.0896,15.2366,0.1239
wfa,male,1259,-0.0897,15.2421,0.12392
wfa,male,1260,-0.0898,15.2476,0.12394
wfa,male,1261,-0.0899,15.2531,0.12395
wfa,male,1262,-0.0901,15.2586,0.12397
wfa,male,1263,-0.0902,15.2641,0.12399
wfa,male,1264,-0.0903,15.2696,0.12401
wfa,male,1265,-0.0904,15.2751,0.12402
wfa,male,1266,-0.0905,15.2806,0.12404
wfa,male,1267,-0.0907,15.2861,0.12406
wfa,male,1268,-0.0908,15.2916,0.12407
wfa,male,1269,-0.0909,15.2971,0.12409
wfa,male,1270,-0.091,15.3026,0.12411
wfa,male,1271,-0.0912,15.3081,0.12412
wfa,male,1272,-0.0913,15.3135,0.12414
wfa,male,1273,-0.0914,15.319,0.12416
wfa,male,1274,-0.0915,15.3245,0.12418
wfa,male,1275,-0.0916,15.33,0.12419
wfa,male,1276,-0.0918,15.3355,0.12421
wfa,male,1277,-0.0919,15.341,0.12423
wfa,male,1278,-0.092,15.3465,0.12424
wfa,male,1279,-0.0921,15.352,0.12426
wfa,male,1280,-0.0922,15.3575,0.12428
wfa,male,1281,-0.0924,15.363,0.1243
wfa,male,1282,-0.0925,15.3685,0.12431
wfa,male,1283,-0.0926,15.374,0.12433
wfa,male,1284,-0.0927,15.3795,0.12435
wfa,male,1285,-0.0928,15.385,0.12436
wfa,male,1286,-0.093,15.3905,0.12438
wfa,male,1287,-0.0931,15.396,0.1244
wfa,male,1288,-0.0932,15.4015,0.12442
wfa,male,1289,-0.0933,15.407,0.12443
wfa,male,1290,-0.0934,15.4125,0.12445
wfa,male,1291,-0.0936,15.4179,0.12447
wfa,male,1292,-0.0937,15.4234,0.12448
wfa,male,1293,-0.0938,15.4289,0.1245
wfa,male,1294,-0.0939,15.4344,0.12452
wfa,male,1295,-0.094,15.4399,0.12454
wfa,male,1296,-0.0942,15.4454,0.12455
wfa,male,1297,-0.0943,15.4509,0.12457
wfa,male,1298,-0.0944,15.4564,0.12459
wfa,male,1299,-0.0945,15.4619,0.12461
wfa,male,1300,-0.0946,15.4674,0.12462
wfa,male,1301,-0.0948,15.4729,0.12464
wfa,male,1302,-0.0949,15.4784,0.12466
wfa,male,1303,-0.095,15.4839,0.12467
wfa,male,1304,-0.0951,15.4894,0.12469
wfa,male,1305,-0.0952,15.4948,0.12471
wfa,male,1306,-0.0954,15.5003,0.12473
wfa,male,1307,-0.0955,15.5058,0.12474
wfa,male,1308,-0.0956,15.5113,0.12476
wfa,male,1309,-0.0957,15.5168,0.12478
wfa,male,1310,-0.0958,15.5223,0.1248
wfa,male,1311,-0.0959,15.5278,0.12481
wfa,male,1312,-0.0961,15.5333,0.12483
wfa,male,1313,-0.0962,15.5388,0.12485
wfa,male,1314,-0.0963,15.5443,0.12487
wfa,male,1315,-0.0964,15.5498,0.12488
wfa,male,1316,-0.0965,15.5552,0.1249
wfa,male,1317,-0.0967,15.5607,0.12492
wfa,male,1318,-0.0968,15.5662,0.12494
wfa,male,1319,-0.0969,15.5717,0.12495
wfa,male,1320,-0.097,15.5772,0.12497
wfa,male,1321,-0.0971,15.5827,0.12499
wfa,male,1322,-0.0972,15.5882,0.12501
wfa,male,1323,-0.0974,15.5937,0.12502
wfa,male,1324,-0.0975,15.5992,0.12504
wfa,male,1325,-0.0976,15.6047,0.12506
wfa,male,1326,-0.0977,15.6101,0.12508
wfa,male,1327,-0.0978,15.6156,0.1251
wfa,male,1328,-0.098,15.6211,0.12511
wfa,male,1329,-0.0981,15.6266,0.12513
wfa,male,1330,-0.0982,15.6321,0.12515
wfa,male,1331,-0.0983,15.6376,0.12517
wfa,male,1332,-0.0984,15.6431,0.12518
wfa,male,1333,-0.0985,15.6486,0.1252
wfa,male,1334,-0.0987,15.654,0.12522
wfa,male,1335,-0.0988,15.6595,0.12524
wfa,male,1336,-0.0989,15.665,0.12526
wfa,male,1337,-0.099,15.6705,0.12527
wfa,male,1338,-0.0991,15.676,0.12529
wfa,male,1339,-0.0992,15.6815,0.12531
wfa,male,1340,-0.0994,15.687,0.12533
wfa,male,1341,-0.0995,15.6924,0.12534
wfa,male,1342,-0.0996,15.6979,0.12536
wfa,male,1343,-0.0997,15.7034,0.12538
wfa,male,1344,-0.0998,15.7089,0.1254
wfa,male,1345,-0.0999,15.7144,0.12542
wfa,male,1346,-0.1001,15.7199,0.12543
wfa,male,1347,-0.1002,15.7253,0.12545
wfa,male,1348,-0.1003,15.7308,0.12547
wfa,male,1349,-0.1004,15.7363,0.12549
wfa,male,1350,-0.1005,15.7418,0.12551
wfa,male,1351,-0.1006,15.7473,0.12552
wfa,male,1352,-0.1008,15.7528,0.12554
wfa,male,1353,-0.1009,15.7582,0.12556
wfa,male,1354,-0.101,15.7637,0.12558
wfa,male,1355,-0.1011,15.7692,0.1256
wfa,male,1356,-0.1012,15.7747,0.12561
wfa,male,1357,-0.1013,15.7802,0.12563
wfa,male,1358,-0.1015,15.7856,0.12565
wfa,male,1359,-0.1016,15.7911,0.12567
wfa,male,1360,-0.1017,15.7966,0.12569
wfa,male,1361,-0.1018,15.8021,0.1257
wfa,male,1362,-0.1019,15.8076,0.12572
wfa,male,1363,-0.102,15.813,0.12574
wfa,male,1364,-0.1022,15.8185,0.12576
wfa,male,1365,-0.1023,15.824,0.12578
wfa,male,1366,-0.1024,15.8295,0.1258
wfa,male,1367,-0.1025,15.835,0.12581
wfa,male,1368,-0.1026,15.8404,0.12583
wfa,male,1369,-0.1027,15.8459,0.12585
wfa,male,1370,-0.1028,15.8514,0.12587
wfa,male,1371,-0.103,15.8569,0.12589
wfa,male,1372,-0.1031,15.8623,0.12591
wfa,male,1373,-0.1032,15.8678,0.12592
wfa,male,1374,-0.1033,15.8733,0.12594
wfa,male,1375,-0.1034,15.8788,0.12596
wfa,male,1376,-0.1035,15.8842,0.12598
wfa,male,1377,-0.1037,15.8897,0.126
wfa,male,1378,-0.1038,15.8952,0.12602
wfa,male,1379,-0.1039,15.9007,0.12603
wfa,male,1380,-0.104,15.9061,0.12605
wfa,male,1381,-0.1041,15.9116,0.12607
wfa,male,1382,-0.1042,15.9171,0.12609
wfa,male,1383,-0.1043,15.9226,0.12611
wfa,male,1384,-0.1045,15.928,0.12613
wfa,male,1385,-0.1046,15.9335,0.12615
wfa,male,1386,-0.1047,15.939,0.12616
wfa,male,1387,-0.1048,15.9445,0.12618
wfa,male,1388,-0.1049,15.9499,0.1262
wfa,male,1389,-0.105,15.9554,0.12622
wfa,male,1390,-0.1051,15.9609,0.12624
wfa,male,1391,-0.1053,15.9664,0.12626
wfa,male,1392,-0.1054,15.9718,0.12627
wfa,male,1393,-0.1055,15.9773,0.12629
wfa,male,1394,-0.1056,15.9828,0.12631
wfa,male,1395,-0.1057,15.9882,0.12633
wfa,male,1396,-0.1058,15.9937,0.12635
wfa,male,1397,-0.1059,15.9992,0.12637
wfa,male,1398,-0.1061,16.0047,0.12639
wfa,male,1399,-0.1062,16.0101,0.12641
wfa,male,1400,-0.1063,16.0156,0.12642
wfa,male,1401,-0.1064,16.0211,0.12644
wfa,male,1402,-0.1065,16.0265,0.12646
wfa,male,1403,-0.1066,16.032,0.12648
wfa,male,1404,-0.1067,16.0375,0.1265
wfa,male,1405,-0.1068,16.043,0.12652
wfa,male,1406,-0.107,16.0484,0.12654
wfa,male,1407,-0.1071,16.0539,0.12656
wfa,male,1408,-0.1072,16.0594,0.12657
wfa,male,1409,-0.1073,16.0648,0.12659
wfa,male,1410,-0.1074,16.0703,0.12661
wfa,male,1411,-0.1075,16.0758,0.12663
wfa,male,1412,-0.1076,16.0812,0.12665
wfa,male,1413,-0.1078,16.0867,0.12667
wfa,male,1414,-0.1079,16.0922,0.12669
wfa,male,1415,-0.108,16.0976,0.12671
wfa,male,1416,-0.1081,16.1031,0.12673
wfa,male,1417,-0.1082,16.1086,0.12674
wfa,male,1418,-0.1083,16.114,0.12676
wfa,male,1419,-0.1084,16.1195,0.12678
wfa,male,1420,-0.1085,16.125,0.1268
wfa,male,1421,-0.1087,16.1304,0.12682
wfa,male,1422,-0.1088,16.1359,0.12684
wfa,male,1423,-0.1089,16.1414,0.12686
wfa,male,1424,-0.109,16.1468,0.12688
wfa,male,1425,-0.1091,16.1523,0.1269
wfa,male,1426,-0.1092,16.1578,0.12692
wfa,male,1427,-0.1093,16.1632,0.12693
wfa,male,1428,-0.1094,16.1687,0.12695
wfa,male,1429,-0.1096,16.1742,0.12697
wfa,male,1430,-0.1097,16.1796,0.12699
wfa,male,1431,-0.1098,16.1851,0.12701
wfa,male,1432,-0.1099,16.1906,0.12703
wfa,male,1433,-0.11,16.196,0.12705
wfa,male,1434,-0.1101,16.2015,0.12707
wfa,male,1435,-0.1102,16.2069,0.12709
wfa,male,1436,-0.1103,16.2124,0.12711
wfa,male,1437,-0.1105,16.2179,0.12713
wfa,male,1438,-0.1106,16.2233,0.12715
wfa,male,1439,-0.1107,16.2288,0.12717
wfa,male,1440,-0.1108,16.2343,0.12718
wfa,male,1441,-0.1109,16.2397,0.1272
wfa,male,1442,-0.111,16.2452,0.12722
wfa,male,1443,-0.1111,16.2506,0.12724
wfa,male,1444,-0.1112,16.2561,0.12726
wfa,male,1445,-0.1113,16.2616,0.12728
wfa,male,1446,-0.1115,16.267,0.1273
wfa,male,1447,-0.1116,16.2725,0.12732
wfa,male,1448,-0.1117,16.2779,0.12734
wfa,male,1449,-0.1118,16.2834,0.12736
wfa,male,1450,-0.1119,16.2889,0.12738
wfa,male,1451,-0.112,16.2943,0.1274
wfa,male,1452,-0.1121,16.2998,0.12742
wfa,male,1453,-0.1122,16.3053,0.12744
wfa,male,1454,-0.1123,16.3107,0.12746
wfa,male,1455,-0.1125,16.3162,0.12747
wfa,male,1456,-0.1126,16.3216,0.12749
wfa,male,1457,-0.1127,16.3271,0.12751
wfa,male,1458,-0.1128,16.3325,0.12753
wfa,male,1459,-0.1129,16.338,0.12755
wfa,male,1460,-0.113,16.3435,0.12757
wfa,male,1461,-0.1131,16.3489,0.12759
wfa,male,1462,-0.1132,16.3544,0.12761
wfa,male,1463,-0.1133,16.3598,0.12763
wfa,male,1464,-0.1134,16.3653,0.12765
wfa,male,1465,-0.1136,16.3708,0.12767
wfa,male,1466,-0.1137,16.3762,0.12769
wfa,male,1467,-0.1138,16.3817,0.12771
wfa,male,1468,-0.1139,16.3871,0.12773
wfa,male,1469,-0.114,16.3926,0.12775
wfa,male,1470,-0.1141,16.3981,0.12777
wfa,male,1471,-0.1142,16.4035,0.12779
wfa,male,1472,-0.1143,16.409,0.12781
wfa,male,1473,-0.1144,16.4144,0.12783
wfa,male,1474,-0.1146,16.4199,0.12785
wfa,male,1475,-0.1147,16.4253,0.12787
wfa,male,1476,-0.1148,16.4308,0.12789
wfa,male,1477,-0.1149,16.4363,0.12791
wfa,male,1478,-0.115,16.4417,0.12793
wfa,male,1479,-0.1151,16.4472,0.12795
wfa,male,1480,-0.1152,16.4526,0.12797
wfa,male,1481,-0.1153,16.4581,0.12799
wfa,male,1482,-0.1154,16.4635,0.12801
wfa,male,1483,-0.1155,16.469,0.12803
wfa,male,1484,-0.1156,16.4745,0.12804
wfa,male,1485,-0.1158,16.4799,0.12806
wfa,male,1486,-0.1159,16.4854,0.12808
wfa,male,1487,-0.116,16.4908,0.1281
wfa,male,1488,-0.1161,16.4963,0.12812
wfa,male,1489,-0.1162,16.5017,0.12814
wfa,male,1490,-0.1163,16.5072,0.12816
wfa,male,1491,-0.1164,16.5126,0.12818
wfa,male,1492,-0.1165,16.5181,0.1282
wfa,male,1493,-0.1166,16.5236,0.12822
wfa,male,1494,-0.1167,16.529,0.12824
wfa,male,1495,-0.1168,16.5345,0.12826
wfa,male,1496,-0.117,16.5399,0.12828
wfa,male,1497,-0.1171,16.5454,0.1283
wfa,male,1498,-0.1172,16.5508,0.12832
wfa,male,1499,-0.1173,16.5563,0.12834
wfa,male,1500,-0.1174,16.5618,0.12836
wfa,male,1501,-0.1175,16.5672,0.12838
wfa,male,1502,-0.1176,16.5727,0.1284
wfa,male,1503,-0.1177,16.5781,0.12842
wfa,male,1504,-0.1178,16.5836,0.12844
wfa,male,1505,-0.1179,16.589,0.12846
wfa,male,1506,-0.118,16.5945,0.12848
wfa,male,1507,-0.1182,16.5999,0.1285
wfa,male,1508,-0.1183,16.6054,0.12852
wfa,male,1509,-0.1184,16.6109,0.12854
wfa,male,1510,-0.1185,16.6163,0.12856
wfa,male,1511,-0.1186,16.6218,0.12858
wfa,male,1512,-0.1187,16.6272,0.1286
wfa,male,1513,-0.1188,16.6327,0.12863
wfa,male,1514,-0.1189,16.6381,0.12865
wfa,male,1515,-0.119,16.6436,0.12867
wfa,male,1516,-0.1191,16.649,0.12869
wfa,male,1517,-0.1192,16.6545,0.12871
wfa,male,1518,-0.1193,16.6599,0.12873
wfa,male,1519,-0.1195,16.6654,0.12875
wfa,male,1520,-0.1196,16.6709,0.12877
wfa,male,1521,-0.1197,16.6763,0.12879
wfa,male,1522,-0.1198,16.6818,0.12881
wfa,male,1523,-0.1199,16.6872,0.12883
wfa,male,1524,-0.12,16.6927,0.12885
wfa,male,1525,-0.1201,16.6981,0.12887
wfa,male,1526,-0.1202,16.7036,0.12889
wfa,male,1527,-0.1203,16.709,0.12891
wfa,male,1528,-0.1204,16.7145,0.12893
wfa,male,1529,-0.1205,16.72,0.12895
wfa,male,1530,-0.1206,16.7254,0.12897
wfa,male,1531,-0.1207,16.7309,0.12899
wfa,male,1532,-0.1208,16.7363,0.12901
wfa,male,1533,-0.121,16.7418,0.12903
wfa,male,1534,-0.1211,16.7472,0.12905
wfa,male,1535,-0.1212,16.7527,0.12907
wfa,male,1536,-0.1213,16.7581,0.12909
wfa,male,1537,-0.1214,16.7636,0.12911
wfa,male,1538,-0.1215,16.769,0.12913
wfa,male,1539,-0.1216,16.7745,0.12915
wfa,male,1540,-0.1217,16.78,0.12917
wfa,male,1541,-0.1218,16.7854,0.12919
wfa,male,1542,-0.1219,16.7909,0.12921
wfa,male,1543,-0.122,16.7963,0.12923
wfa,male,1544,-0.1221,16.8018,0.12925
wfa,male,1545,-0.1222,16.8072,0.12928
wfa,male,1546,-0.1223,16.8127,0.1293
wfa,male,1547,-0.1225,16.8181,0.12932
wfa,male,1548,-0.1226,16.8236,0.12934
wfa,male,1549,-0.1227,16.829,0.12936
wfa,male,1550,-0.1228,16.8345,0.12938
wfa,male,1551,-0.1229,16.84,0.1294
wfa,male,1552,-0.123,16.8454,0.12942
wfa,male,1553,-0.1231,16.8509,0.12944
wfa,male,1554,-0.1232,16.8563,0.12946
wfa,male,1555,-0.1233,16.8618,0.12948
wfa,male,1556,-0.1234,16.8672,0.1295
wfa,male,1557,-0.1235,16.8727,0.12952
wfa,male,1558,-0.1236,16.8781,0.12954
wfa,male,1559,-0.1237,16.8836,0.12956
wfa,male,1560,-0.1238,16.8891,0.12958
wfa,male,1561,-0.1239,16.8945,0.1296
wfa,male,1562,-0.124,16.9,0.12962
wfa,male,1563,-0.1242,16.9054,0.12965
wfa,male,1564,-0.1243,16.9109,0.12967
wfa,male,1565,-0.1244,16.9163,0.12969
wfa,male,1566,-0.1245,16.9218,0.12971
wfa,male,1567,-0.1246,16.9272,0.12973
wfa,male,1568,-0.1247,16.9327,0.12975
wfa,male,1569,-0.1248,16.9382,0.12977
wfa,male,1570,-0.1249,16.9436,0.12979
wfa,male,1571,-0.125,16.9491,0.12981
wfa,male,1572,-0.1251,16.9545,0.12983
wfa,male,1573,-0.1252,16.96,0.12985
wfa,male,1574,-0.1253,16.9654,0.12987
wfa,male,1575,-0.1254,16.9709,0.12989
wfa,male,1576,-0.1255,16.9763,0.12991
wfa,male,1577,-0.1256,16.9818,0.12993
wfa,male,1578,-0.1257,16.9873,0.12996
wfa,male,1579,-0.1258,16.9927,0.12998
wfa,male,1580,-0.1259,16.9982,0.13
wfa,male,1581,-0.126,17.0036,0.13002
wfa,male,1582,-0.1262,17.0091,0.13004
wfa,male,1583,-0.1263,17.0145,0.13006
wfa,male,1584,-0.1264,17.02,0.13008
wfa,male,1585,-0.1265,17.0255,0.1301
wfa,male,1586,-0.1266,17.0309,0.13012
wfa,male,1587,-0.1267,17.0364,0.13014
wfa,male,1588,-0.1268,17.0418,0.13016
wfa,male,1589,-0.1269,17.0473,0.13018
wfa,male,1590,-0.127,17.0527,0.1302
wfa,male,1591,-0.1271,17.0582,0.13023
wfa,male,1592,-0.1272,17.0636,0.13025
wfa,male,1593,-0.1273,17.0691,0.13027
wfa,male,1594,-0.1274,17.0746,0.13029
wfa,male,1595,-0.1275,17.08,0.13031
wfa,male,1596,-0.1276,17.0855,0.13033
wfa,male,1597,-0.1277,17.0909,0.13035
wfa,male,1598,-0.1278,17.0964,0.13037
wfa,male,1599,-0.1279,17.1018,0.13039
wfa,male,1600,-0.128,17.1073,0.13041
wfa,male,1601,-0.1281,17.1127,0.13043
wfa,male,1602,-0.1282,17.1182,0.13045
wfa,male,1603,-0.1283,17.1237,0.13047
wfa,male,1604,-0.1285,17.1291,0.1305
wfa,male,1605,-0.1286,17.1346,0.13052
wfa,male,1606,-0.1287,17.14,0.13054
wfa,male,1607,-0.1288,17.1455,0.13056
wfa,male,1608,-0.1289,17.1509,0.13058
wfa,male,1609,-0.129,17.1564,0.1306
wfa,male,1610,-0.1291,17.1618,0.13062
wfa,male,1611,-0.1292,17.1673,0.13064
wfa,male,1612,-0.1293,17.1728,0.13066
wfa,male,1613,-0.1294,17.1782,0.13068
wfa,male,1614,-0.1295,17.1837,0.1307
wfa,male,1615,-0.1296,17.1891,0.13073
wfa,male,1616,-0.1297,17.1946,0.13075
wfa,male,1617,-0.1298,17.2,0.13077
wfa,male,1618,-0.1299,17.2055,0.13079
wfa,male,1619,-0.13,17.2109,0.13081
wfa,male,1620,-0.1301,17.2164,0.13083
wfa,male,1621,-0.1302,17.2218,0.13085
wfa,male,1622,-0.1303,17.2273,0.13087
wfa,male,1623,-0.1304,17.2328,0.13089
wfa,male,1624,-0.1305,17.2382,0.13091
wfa,male,1625,-0.1306,17.2437,0.13093
wfa,male,1626,-0.1307,17.2491,0.13096
wfa,male,1627,-0.1308,17.2546,0.13098
wfa,male,1628,-0.1309,17.26,0.131
wfa,male,1629,-0.131,17.2655,0.13102
wfa,male,1630,-0.1311,17.2709,0.13104
wfa,male,1631,-0.1312,17.2764,0.13106
wfa,male,1632,-0.1314,17.2818,0.13108
wfa,male,1633,-0.1315,17.2873,0.1311
wfa,male,1634,-0.1316,17.2927,0.13112
wfa,male,1635,-0.1317,17.2982,0.13114
wfa,male,1636,-0.1318,17.3037,0.13117
wfa,male,1637,-0.1319,17.3091,0.13119
wfa,male,1638,-0.132,17.3146,0.13121
wfa,male,1639,-0.1321,17.32,0.13123
wfa,male,1640,-0.1322,17.3255,0.13125
wfa,male,1641,-0.1323,17.3309,0.13127
wfa,male,1642,-0.1324,17.3364,0.13129
wfa,male,1643,-0.1325,17.3418,0.13131
wfa,male,1644,-0.1326,17.3473,0.13133
wfa,male,1645,-0.1327,17.3527,0.13135
wfa,male,1646,-0.1328,17.3582,0.13137
wfa,male,1647,-0.1329,17.3636,0.1314
wfa,male,1648,-0.133,17.3691,0.13142
wfa,male,1649,-0.1331,17.3745,0.13144
wfa,male,1650,-0.1332,17.38,0.13146
wfa,male,1651,-0.1333,17.3854,0.13148
wfa,male,1652,-0.1334,17.3909,0.1315
wfa,male,1653,-0.1335,17.3963,0.13152
wfa,male,1654,-0.1336,17.4018,0.13154
wfa,male,1655,-0.1337,17.4072,0.13156
wfa,male,1656,-0.1338,17.4127,0.13159
wfa,male,1657,-0.1339,17.4181,0.13161
wfa,male,1658,-0.134,17.4236,0.13163
wfa,male,1659,-0.1341,17.429,0.13165
wfa,male,1660,-0.1342,17.4345,0.13167
wfa,male,1661,-0.1343,17.4399,0.13169
wfa,male,1662,-0.1344,17.4454,0.13171
wfa,male,1663,-0.1345,17.4508,0.13173
wfa,male,1664,-0.1346,17.4563,0.13175
wfa,male,1665,-0.1347,17.4617,0.13177
wfa,male,1666,-0.1348,17.4672,0.1318
wfa,male,1667,-0.1349,17.4726,0.13182
wfa,male,1668,-0.135,17.4781,0.13184
wfa,male,1669,-0.1351,17.4835,0.13186
wfa,male,1670,-0.1352,17.489,0.13188
wfa,male,1671,-0.1353,17.4944,0.1319
wfa,male,1672,-0.1354,17.4999,0.13192
wfa,male,1673,-0.1355,17.5053,0.13194
wfa,male,1674,-0.1356,17.5107,0.13196
wfa,male,1675,-0.1357,17.5162,0.13199
wfa,male,1676,-0.1358,17.5216,0.13201
wfa,male,1677,-0.1359,17.5271,0.13203
wfa,male,1678,-0.136,17.5325,0.13205
wfa,male,1679,-0.1361,17.538,0.13207
wfa,male,1680,-0.1362,17.5434,0.13209
wfa,male,1681,-0.1363,17.5489,0.13211
wfa,male,1682,-0.1364,17.5543,0.13213
wfa,male,1683,-0.1365,17.5598,0.13215
wfa,male,1684,-0.1366,17.5652,0.13218
wfa,male,1685,-0.1367,17.5706,0.1322
wfa,male,1686,-0.1368,17.5761,0.13222
wfa,male,1687,-0.1369,17.5815,0.13224
wfa,male,1688,-0.137,17.587,0.13226
wfa,male,1689,-0.1371,17.5924,0.13228
wfa,male,1690,-0.1373,17.5979,0.1323
wfa,male,1691,-0.1374,17.6033,0.13232
wfa,male,1692,-0.1375,17.6087,0.13234
wfa,male,1693,-0.1376,17.6142,0.13237
wfa,male,1694,-0.1377,17.6196,0.13239
wfa,male,1695,-0.1378,17.6251,0.13241
wfa,male,1696,-0.1379,17.6305,0.13243
wfa,male,1697,-0.138,17.636,0.13245
wfa,male,1698,-0.1381,17.6414,0.13247
wfa,male,1699,-0.1382,17.6468,0.13249
wfa,male,1700,-0.1383,17.6523,0.13251
wfa,male,1701,-0.1384,17.6577,0.13253
wfa,male,1702,-0.1385,17.6632,0.13256
wfa,male,1703,-0.1386,17.6686,0.13258
wfa,male,1704,-0.1387,17.674,0.1326
wfa,male,1705,-0.1388,17.6795,0.13262
wfa,male,1706,-0.1389,17.6849,0.13264
wfa,male,1707,-0.139,17.6904,0.13266
wfa,male,1708,-0.1391,17.6958,0.13268
wfa,male,1709,-0.1392,17.7012,0.1327
wfa,male,1710,-0.1393,17.7067,0.13272
wfa,male,1711,-0.1394,17.7121,0.13275
wfa,male,1712,-0.1395,17.7175,0.13277
wfa,male,1713,-0.1396,17.723,0.13279
wfa,male,1714,-0.1397,17.7284,0.13281
wfa,male,1715,-0.1398,17.7339,0.13283
wfa,male,1716,-0.1399,17.7393,0.13285
wfa,male,1717,-0.14,17.7447,0.13287
wfa,male,1718,-0.1401,17.7502,0.13289
wfa,male,1719,-0.1402,17.7556,0.13291
wfa,male,1720,-0.1403,17.761,0.13294
wfa,male,1721,-0.1404,17.7665,0.13296
wfa,male,1722,-0.1404,17.7719,0.13298
wfa,male,1723,-0.1405,17.7773,0.133
wfa,male,1724,-0.1406,17.7828,0.13302
wfa,male,1725,-0.1407,17.7882,0.13304
wfa,male,1726,-0.1408,17.7936,0.13306
wfa,male,1727,-0.1409,17.7991,0.13308
wfa,male,1728,-0.141,17.8045,0.1331
wfa,male,1729,-0.1411,17.8099,0.13313
wfa,male,1730,-0.1412,17.8154,0.13315
wfa,male,1731,-0.1413,17.8208,0.13317
wfa,male,1732,-0.1414,17.8262,0.13319
wfa,male,1733,-0.1415,17.8317,0.13321
wfa,male,1734,-0.1416,17.8371,0.13323
wfa,male,1735,-0.1417,17.8425,0.13325
wfa,male,1736,-0.1418,17.848,0.13327
wfa,male,1737,-0.1419,17.8534,0.13329
wfa,male,1738,-0.142,17.8588,0.13332
wfa,male,1739,-0.1421,17.8642,0.13334
wfa,male,1740,-0.1422,17.8697,0.13336
wfa,male,1741,-0.1423,17.8751,0.13338
wfa,male,1742,-0.1424,17.8805,0.1334
wfa,male,1743,-0.1425,17.886,0.13342
wfa,male,1744,-0.1426,17.8914,0.13344
wfa,male,1745,-0.1427,17.8968,0.13346
wfa,male,1746,-0.1428,17.9022,0.13348
wfa,male,1747,-0.1429,17.9077,0.13351
wfa,male,1748,-0.143,17.9131,0.13353
wfa,male,1749,-0.1431,17.9185,0.13355
wfa,male,1750,-0.1432,17.924,0.13357
wfa,male,1751,-0.1433,17.9294,0.13359
wfa,male,1752,-0.1434,17.9348,0.13361
wfa,male,1753,-0.1435,17.9402,0.13363
wfa,male,1754,-0.1436,17.9457,0.13365
wfa,male,1755,-0.1437,17.9511,0.13367
wfa,male,1756,-0.1438,17.9565,0.1337
wfa,male,1757,-0.1439,17.9619,0.13372
wfa,male,1758,-0.144,17.9674,0.13374
wfa,male,1759,-0.1441,17.9728,0.13376
wfa,male,1760,-0.1442,17.9782,0.13378
wfa,male,1761,-0.1443,17.9836,0.1338
wfa,male,1762,-0.1444,17.989,0.13382
wfa,male,1763,-0.1445,17.9945,0.13384
wfa,male,1764,-0.1446,17.9999,0.13386
wfa,male,1765,-0.1447,18.0053,0.13389
wfa,male,1766,-0.1448,18.0107,0.13391
wfa,male,1767,-0.1449,18.0162,0.13393
wfa,male,1768,-0.145,18.0216,0.13395
wfa,male,1769,-0.1451,18.027,0.13397
wfa,male,1770,-0.1452,18.0324,0.13399
wfa,male,1771,-0.1453,18.0378,0.13401
wfa,male,1772,-0.1454,18.0432,0.13403
wfa,male,1773,-0.1455,18.0487,0.13405
wfa,male,1774,-0.1456,18.0541,0.13408
wfa,male,1775,-0.1457,18.0595,0.1341
wfa,male,1776,-0.1458,18.0649,0.13412
wfa,male,1777,-0.1459,18.0703,0.13414
wfa,male,1778,-0.146,18.0758,0.13416
wfa,male,1779,-0.1461,18.0812,0.13418
wfa,male,1780,-0.1462,18.0866,0.1342
wfa,male,1781,-0.1462,18.092,0.13422
wfa,male,1782,-0.1463,18.0974,0.13424
wfa,male,1783,-0.1464,18.1028,0.13426
wfa,male,1784,-0.1465,18.1082,0.13429
wfa,male,1785,-0.1466,18.1137,0.13431
wfa,male,1786,-0.1467,18.1191,0.13433
wfa,male,1787,-0.1468,18.1245,0.13435
wfa,male,1788,-0.1469,18.1299,0.13437
wfa,male,1789,-0.147,18.1353,0.13439
wfa,male,1790,-0.1471,18.1407,0.13441
wfa,male,1791,-0.1472,18.1461,0.13443
wfa,male,1792,-0.1473,18.1515,0.13445
wfa,male,1793,-0.1474,18.157,0.13448
wfa,male,1794,-0.1475,18.1624,0.1345
wfa,male,1795,-0.1476,18.1678,0.13452
wfa,male,1796,-0.1477,18.1732,0.13454
wfa,male,1797,-0.1478,18.1786,0.13456
wfa,male,1798,-0.1479,18.184,0.13458
wfa,male,1799,-0.148,18.1894,0.1346
wfa,male,1800,-0.1481,18.1948,0.13462
wfa,male,1801,-0.1482,18.2002,0.13464
wfa,male,1802,-0.1483,18.2056,0.13466
wfa,male,1803,-0.1484,18.211,0.13469
wfa,male,1804,-0.1485,18.2164,0.13471
wfa,male,1805,-0.1486,18.2218,0.13473
wfa,male,1806,-0.1487,18.2272,0.13475
wfa,male,1807,-0.1488,18.2327,0.13477
wfa,male,1808,-0.1489,18.2381,0.13479
wfa,male,1809,-0.149,18.2435,0.13481
wfa,male,1810,-0.1491,18.2489,0.13483
wfa,male,1811,-0.1491,18.2543,0.13485
wfa,male,1812,-0.1492,18.2597,0.13487
wfa,male,1813,-0.1493,18.2651,0.1349
wfa,male,1814,-0.1494,18.2705,0.13492
wfa,male,1815,-0.1495,18.2759,0.13494
wfa,male,1816,-0.1496,18.2813,0.13496
wfa,male,1817,-0.1497,18.2867,0.13498
wfa,male,1818,-0.1498,18.2921,0.135
wfa,male,1819,-0.1499,18.2975,0.13502
wfa,male,1820,-0.15,18.3029,0.13504
wfa,male,1821,-0.1501,18.3083,0.13506
wfa,male,1822,-0.1502,18.3137,0.13508
wfa,male,1823,-0.1503,18.319,0.13511
wfa,male,1824,-0.1504,18.3244,0.13513
wfa,male,1825,-0.1505,18.3298,0.13515
wfa,male,1826,-0.1506,18.3352,0.13517
wfa,male,1827,-0.1507,18.3406,0.13519
wfa,male,1828,-0.1508,18.346,0.13521
wfa,male,1829,-0.1509,18.3514,0.13523
wfa,male,1830,-0.151,18.3568,0.13525
wfa,male,1831,-0.1511,18.3622,0.13527
wfa,male,1832,-0.1512,18.3676,0.13529
wfa,male,1833,-0.1513,18.373,0.13531
wfa,male,1834,-0.1514,18.3784,0.13534
wfa,male,1835,-0.1514,18.3838,0.13536
wfa,male,1836,-0.1515,18.3891,0.13538
wfa,male,1837,-0.1516,18.3945,0.1354
wfa,male,1838,-0.1517,18.3999,0.13542
wfa,male,1839,-0.1518,18.4053,0.13544
wfa,male,1840,-0.1519,18.4107,0.13546
wfa,male,1841,-0.152,18.4161,0.13548
wfa,male,1842,-0.1521,18.4215,0.1355
wfa,male,1843,-0.1522,18.4268,0.13552
wfa,male,1844,-0.1523,18.4322,0.13554
wfa,male,1845,-0.1524,18.4376,0.13557
wfa,male,1846,-0.1525,18.443,0.13559
wfa,male,1847,-0.1526,18.4484,0.13561
wfa,male,1848,-0.1527,18.4538,0.13563
wfa,male,1849,-0.1528,18.4591,0.13565
wfa,male,1850,-0.1529,18.4645,0.13567
wfa,male,1851,-0.153,18.4699,0.13569
wfa,male,1852,-0.1531,18.4753,0.13571
wfa,male,1853,-0.1532,18.4807,0.13573
wfa,male,1854,-0.1533,18.486,0.13575
wfa,male,1855,-0.1533,18.4914,0.13577
wfa,male,1856,-0.1534,18.4968,0.1358
wfa,female,0,0.3809,3.2322,0.14171
wfa,female,1,0.3259,3.1957,0.14578
wfa,female,2,0.3101,3.2104,0.14637
wfa,female,3,0.2986,3.2315,0.14657
wfa,female,4,0.2891,3.2558,0.14658
wfa,female,5,0.281,3.2821,0.14646
wfa,female,6,0.2737,3.3099,0.14626
wfa,female,7,0.2671,3.3388,0.146
wfa,female,8,0.2609,3.3687,0.14569
wfa,female,9,0.2551,3.3995,0.14534
wfa,female,10,0.2497,3.4314,0.14498
wfa,female,11,0.2446,3.4643,0.14459
wfa,female,12,0.2397,3.4983,0.1442
wfa,female,13,0.2349,3.5333,0.1438
wfa,female,14,0.2304,3.5693,0.14339
wfa,female,15,0.226,3.6063,0.14299
wfa,female,16,0.2218,3.6438,0.14258
wfa,female,17,0.2177,3.6818,0.14218
wfa,female,18,0.2137,3.7201,0.14177
wfa,female,19,0.2099,3.7584,0.14138
wfa,female,20,0.2061,3.7968,0.14098
wfa,female,21,0.2024,3.8352,0.1406
wfa,female,22,0.1989,3.8735,0.14021
wfa,female,23,0.1954,3.9116,0.13984
wfa,female,24,0.1919,3.9495,0.13947
wfa,female,25,0.1886,3.9872,0.1391
wfa,female,26,0.1853,4.0247,0.13875
wfa,female,27,0.1821,4.0618,0.1384
wfa,female,28,0.1789,4.0987,0.13805
wfa,female,29,0.1758,4.1353,0.13771
wfa,female,30,0.1727,4.1716,0.13738
wfa,female,31,0.1697,4.2075,0.13706
wfa,female,32,0.1668,4.2431,0.13674
wfa,female,33,0.1638,4.2783,0.13643
wfa,female,34,0.161,4.3131,0.13613
wfa,female,35,0.1582,4.3476,0.13583
wfa,female,36,0.1554,4.3818,0.13554
wfa,female,37,0.1526,4.4155,0.13526
wfa,female,38,0.1499,4.449,0.13498
wfa,female,39,0.1473,4.482,0.1347
wfa,female,40,0.1446,4.5148,0.13444
wfa,female,41,0.142,4.5472,0.13418
wfa,female,42,0.1395,4.5793,0.13392
wfa,female,43,0.1369,4.611,0.13367
wfa,female,44,0.1344,4.6425,0.13342
wfa,female,45,0.132,4.6736,0.13318
wfa,female,46,0.1295,4.7044,0.13295
wfa,female,47,0.1271,4.7349,0.13272
wfa,female,48,0.1247,4.7651,0.1325
wfa,female,49,0.1224,4.795,0.13228
wfa,female,50,0.12,4.8245,0.13206
wfa,female,51,0.1177,4.8538,0.13185
wfa,female,52,0.1154,4.8828,0.13165
wfa,female,53,0.1132,4.9115,0.13145
wfa,female,54,0.1109,4.9399,0.13125
wfa,female,55,0.1087,4.968,0.13106
wfa,female,56,0.1065,4.9959,0.13087
wfa,female,57,0.1044,5.0235,0.13068
wfa,female,58,0.1022,5.0509,0.1305
wfa,female,59,0.1001,5.078,0.13033
wfa,female,60,0.098,5.1049,0.13015
wfa,female,61,0.0959,5.1315,0.12998
wfa,female,62,0.0938,5.158,0.12982
wfa,female,63,0.0918,5.1842,0.12966
wfa,female,64,0.0897,5.2102,0.1295
wfa,female,65,0.0877,5.236,0.12934
wfa,female,66,0.0857,5.2616,0.12919
wfa,female,67,0.0838,5.287,0.12904
wfa,female,68,0.0818,5.3121,0.12889
wfa,female,69,0.0798,5.337,0.12875
wfa,female,70,0.0779,5.3618,0.12861
wfa,female,71,0.076,5.3863,0.12847
wfa,female,72,0.0741,5.4107,0.12834
wfa,female,73,0.0722,5.4348,0.12821
wfa,female,74,0.0704,5.4587,0.12808
wfa,female,75,0.0685,5.4825,0.12795
wfa,female,76,0.0667,5.5061,0.12783
wfa,female,77,0.0648,5.5295,0.1277
wfa,female,78,0.063,5.5527,0.12758
wfa,female,79,0.0612,5.5757,0.12747
wfa,female,80,0.0595,5.5986,0.12735
wfa,female,81,0.0577,5.6213,0.12724
wfa,female,82,0.0559,5.6438,0.12713
wfa,female,83,0.0542,5.6662,0.12702
wfa,female,84,0.0525,5.6883,0.12691
wfa,female,85,0.0508,5.7104,0.12681
wfa,female,86,0.049,5.7322,0.12671
wfa,female,87,0.0474,5.7539,0.1266
wfa,female,88,0.0457,5.7755,0.12651
wfa,female,89,0.044,5.7969,0.12641
wfa,female,90,0.0424,5.8181,0.12631
wfa,female,91,0.0407,5.8393,0.12622
wfa,female,92,0.0391,5.8602,0.12613
wfa,female,93,0.0375,5.881,0.12604
wfa,female,94,0.0358,5.9017,0.12595
wfa,female,95,0.0342,5.9223,0.12586
wfa,female,96,0.0327,5.9427,0.12577
wfa,female,97,0.0311,5.9629,0.12569
wfa,female,98,0.0295,5.9831,0.12561
wfa,female,99,0.0279,6.0031,0.12553
wfa,female,100,0.0264,6.0229,0.12545
wfa,female,101,0.0249,6.0426,0.12537
wfa,female,102,0.0233,6.0622,0.12529
wfa,female,103,0.0218,6.0817,0.12522
wfa,female,104,0.0203,6.101,0.12514
wfa,female,105,0.0188,6.1202,0.12507
wfa,female,106,0.0173,6.1393,0.125
wfa,female,107,0.0158,6.1582,0.12493
wfa,female,108,0.0144,6.1771,0.12486
wfa,female,109,0.0129,6.1958,0.12479
wfa,female,110,0.0114,6.2143,0.12472
wfa,female,111,0.01,6.2328,0.12466
wfa,female,112,0.0086,6.2511,0.12459
wfa,female,113,0.0071,6.2693,0.12453
wfa,female,114,0.0057,6.2874,0.12447
wfa,female,115,0.0043,6.3054,0.12441
wfa,female,116,0.0029,6.3232,0.12435
wfa,female,117,0.0015,6.341,0.12429
wfa,female,118,0.0001,6.3586,0.12423
wfa,female,119,-0.0013,6.3761,0.12417
wfa,female,120,-0.0026,6.3935,0.12412
wfa,female,121,-0.004,6.4108,0.12406
wfa,female,122,-0.0053,6.428,0.12401
wfa,female,123,-0.0067,6.445,0.12395
wfa,female,124,-0.008,6.462,0.1239
wfa,female,125,-0.0094,6.4788,0.12385
wfa,female,126,-0.0107,6.4956,0.1238
wfa,female,127,-0.012,6.5122,0.12375
wfa,female,128,-0.0133,6.5288,0.1237
wfa,female,129,-0.0146,6.5452,0.12365
wfa,female,130,-0.0159,6.5615,0.1236
wfa,female,131,-0.0172,6.5777,0.12355
wfa,female,132,-0.0185,6.5939,0.12351
wfa,female,133,-0.0198,6.6099,0.12346
wfa,female,134,-0.021,6.6258,0.12342
wfa,female,135,-0.0223,6.6416,0.12337
wfa,female,136,-0.0235,6.6573,0.12333
wfa,female,137,-0.0248,6.6729,0.12329
wfa,female,138,-0.026,6.6884,0.12325
wfa,female,139,-0.0273,6.7039,0.12321
wfa,female,140,-0.0285,6.7192,0.12317
wfa,female,141,-0.0297,6.7344,0.12313
wfa,female,142,-0.0309,6.7495,0.12309
wfa,female,143,-0.0321,6.7646,0.12305
wfa,female,144,-0.0333,6.7795,0.12301
wfa,female,145,-0.0345,6.7944,0.12298
wfa,female,146,-0.0357,6.8091,0.12294
wfa,female,147,-0.0369,6.8238,0.12291
wfa,female,148,-0.0381,6.8384,0.12287
wfa,female,149,-0.0393,6.8529,0.12284
wfa,female,150,-0.0404,6.8673,0.12281
wfa,female,151,-0.0416,6.8816,0.12277
wfa,female,152,-0.0428,6.8959,0.12274
wfa,female,153,-0.0439,6.91,0.12271
wfa,female,154,-0.045,6.9241,0.12268
wfa,female,155,-0.0462,6.9381,0.12265
wfa,female,156,-0.0473,6.952,0.12262
wfa,female,157,-0.0484,6.9659,0.12259
wfa,female,158,-0.0496,6.9797,0.12256
wfa,female,159,-0.0507,6.9934,0.12254
wfa,female,160,-0.0518,7.007,0.12251
wfa,female,161,-0.0529,7.0205,0.12248
wfa,female,162,-0.054,7.034,0.12246
wfa,female,163,-0.0551,7.0474,0.12243
wfa,female,164,-0.0562,7.0607,0.12241
wfa,female,165,-0.0573,7.074,0.12238
wfa,female,166,-0.0583,7.0872,0.12236
wfa,female,167,-0.0594,7.1003,0.12234
wfa,female,168,-0.0605,7.1133,0.12231
wfa,female,169,-0.0615,7.1263,0.12229
wfa,female,170,-0.0626,7.1393,0.12227
wfa,female,171,-0.0637,7.1521,0.12225
wfa,female,172,-0.0647,7.1649,0.12223
wfa,female,173,-0.0658,7.1776,0.12221
wfa,female,174,-0.0668,7.1903,0.12219
wfa,female,175,-0.0678,7.2029,0.12217
wfa,female,176,-0.0689,7.2154,0.12215
wfa,female,177,-0.0699,7.2279,0.12214
wfa,female,178,-0.0709,7.2403,0.12212
wfa,female,179,-0.0719,7.2527,0.1221
wfa,female,180,-0.0729,7.265,0.12208
wfa,female,181,-0.0739,7.2772,0.12207
wfa,female,182,-0.0749,7.2894,0.12205
wfa,female,183,-0.0759,7.3016,0.12204
wfa,female,184,-0.0769,7.3136,0.12202
wfa,female,185,-0.0779,7.3256,0.12201
wfa,female,186,-0.0789,7.3376,0.122
wfa,female,187,-0.0799,7.3495,0.12198
wfa,female,188,-0.0808,7.3614,0.12197
wfa,female,189,-0.0818,7.3732,0.12196
wfa,female,190,-0.0828,7.3849,0.12195
wfa,female,191,-0.0837,7.3966,0.12194
wfa,female,192,-0.0847,7.4082,0.12192
wfa,female,193,-0.0857,7.4198,0.12191
wfa,female,194,-0.0866,7.4314,0.1219
wfa,female,195,-0.0875,7.4429,0.12189
wfa,female,196,-0.0885,7.4543,0.12188
wfa,female,197,-0.0894,7.4657,0.12188
wfa,female,198,-0.0904,7.477,0.12187
wfa,female,199,-0.0913,7.4883,0.12186
wfa,female,200,-0.0922,7.4995,0.12185
wfa,female,201,-0.0931,7.5107,0.12184
wfa,female,202,-0.094,7.5219,0.12184
wfa,female,203,-0.095,7.533,0.12183
wfa,female,204,-0.0959,7.544,0.12182
wfa,female,205,-0.0968,7.5551,0.12182
wfa,female,206,-0.0977,7.566,0.12181
wfa,female,207,-0.0986,7.5769,0.12181
wfa,female,208,-0.0995,7.5878,0.1218
wfa,female,209,-0.1003,7.5986,0.1218
wfa,female,210,-0.1012,7.6094,0.12179
wfa,female,211,-0.1021,7.6202,0.12179
wfa,female,212,-0.103,7.6309,0.12179
wfa,female,213,-0.1039,7.6416,0.12178
wfa,female,214,-0.1047,7.6522,0.12178
wfa,female,215,-0.1056,7.6628,0.12178
wfa,female,216,-0.1065,7.6733,0.12177
wfa,female,217,-0.1073,7.6838,0.12177
wfa,female,218,-0.1082,7.6943,0.12177
wfa,female,219,-0.109,7.7047,0.12177
wfa,female,220,-0.1099,7.7151,0.12177
wfa,female,221,-0.1107,7.7254,0.12177
wfa,female,222,-0.1116,7.7357,0.12177
wfa,female,223,-0.1124,7.746,0.12176
wfa,female,224,-0.1132,7.7562,0.12176
wfa,female,225,-0.1141,7.7664,0.12176
wfa,female,226,-0.1149,7.7766,0.12176
wfa,female,227,-0.1157,7.7867,0.12177
wfa,female,228,-0.1165,7.7968,0.12177
wfa,female,229,-0.1173,7.8068,0.12177
wfa,female,230,-0.1181,7.8169,0.12177
wfa,female,231,-0.119,7.8268,0.12177
wfa,female,232,-0.1198,7.8368,0.12177
wfa,female,233,-0.1206,7.8467,0.12177
wfa,female,234,-0.1214,7.8566,0.12178
wfa,female,235,-0.1222,7.8664,0.12178
wfa,female,236,-0.1229,7.8762,0.12178
wfa,female,237,-0.1237,7.886,0.12178
wfa,female,238,-0.1245,7.8957,0.12179
wfa,female,239,-0.1253,7.9054,0.12179
wfa,female,240,-0.1261,7.9151,0.12179
wfa,female,241,-0.1269,7.9247,0.1218
wfa,female,242,-0.1276,7.9343,0.1218
wfa,female,243,-0.1284,7.9439,0.1218
wfa,female,244,-0.1292,7.9534,0.12181
wfa,female,245,-0.1299,7.9629,0.12181
wfa,female,246,-0.1307,7.9724,0.12182
wfa,female,247,-0.1314,7.9819,0.12182
wfa,female,248,-0.1322,7.9913,0.12182
wfa,female,249,-0.1329,8.0007,0.12183
wfa,female,250,-0.1337,8.01,0.12183
wfa,female,251,-0.1344,8.0193,0.12184
wfa,female,252,-0.1352,8.0286,0.12185
wfa,female,253,-0.1359,8.0379,0.12185
wfa,female,254,-0.1367,8.0471,0.12186
wfa,female,255,-0.1374,8.0563,0.12186
wfa,female,256,-0.1381,8.0655,0.12187
wfa,female,257,-0.1388,8.0746,0.12187
wfa,female,258,-0.1396,8.0837,0.12188
wfa,female,259,-0.1403,8.0928,0.12189
wfa,female,260,-0.141,8.1019,0.12189
wfa,female,261,-0.1417,8.1109,0.1219
wfa,female,262,-0.1424,8.1199,0.1219
wfa,female,263,-0.1431,8.1289,0.12191
wfa,female,264,-0.1438,8.1378,0.12192
wfa,female,265,-0.1445,8.1468,0.12192
wfa,female,266,-0.1452,8.1557,0.12193
wfa,female,267,-0.1459,8.1645,0.12194
wfa,female,268,-0.1466,8.1734,0.12194
wfa,female,269,-0.1473,8.1822,0.12195
wfa,female,270,-0.148,8.191,0.12196
wfa,female,271,-0.1487,8.1998,0.12197
wfa,female,272,-0.1494,8.2085,0.12197
wfa,female,273,-0.1501,8.2172,0.12198
wfa,female,274,-0.1507,8.2259,0.12199
wfa,female,275,-0.1514,8.2346,0.12199
wfa,female,276,-0.1521,8.2432,0.122
wfa,female,277,-0.1528,8.2519,0.12201
wfa,female,278,-0.1534,8.2605,0.12202
wfa,female,279,-0.1541,8.269,0.12202
wfa,female,280,-0.1547,8.2776,0.12203
wfa,female,281,-0.1554,8.2861,0.12204
wfa,female,282,-0.1561,8.2946,0.12205
wfa,female,283,-0.1567,8.3031,0.12206
wfa,female,284,-0.1574,8.3116,0.12206
wfa,female,285,-0.158,8.3201,0.12207
wfa,female,286,-0.1587,8.3285,0.12208
wfa,female,287,-0.1593,8.3369,0.12209
wfa,female,288,-0.1599,8.3453,0.12209
wfa,female,289,-0.1606,8.3536,0.1221
wfa,female,290,-0.1612,8.362,0.12211
wfa,female,291,-0.1618,8.3703,0.12212
wfa,female,292,-0.1625,8.3786,0.12213
wfa,female,293,-0.1631,8.3869,0.12213
wfa,female,294,-0.1637,8.3952,0.12214
wfa,female,295,-0.1643,8.4035,0.12215
wfa,female,296,-0.165,8.4117,0.12216
wfa,female,297,-0.1656,8.4199,0.12217
wfa,female,298,-0.1662,8.4281,0.12218
wfa,female,299,-0.1668,8.4363,0.12218
wfa,female,300,-0.1674,8.4445,0.12219
wfa,female,301,-0.168,8.4526,0.1222
wfa,female,302,-0.1686,8.4607,0.12221
wfa,female,303,-0.1692,8.4688,0.12222
wfa,female,304,-0.1698,8.4769,0.12222
wfa,female,305,-0.1704,8.485,0.12223
wfa,female,306,-0.171,8.4931,0.12224
wfa,female,307,-0.1716,8.5011,0.12225
wfa,female,308,-0.1722,8.5092,0.12226
wfa,female,309,-0.1728,8.5172,0.12227
wfa,female,310,-0.1734,8.5252,0.12227
wfa,female,311,-0.174,8.5332,0.12228
wfa,female,312,-0.1745,8.5411,0.12229
wfa,female,313,-0.1751,8.5491,0.1223
wfa,female,314,-0.1757,8.557,0.12231
wfa,female,315,-0.1763,8.565,0.12231
wfa,female,316,-0.1768,8.5729,0.12232
wfa,female,317,-0.1774,8.5808,0.12233
wfa,female,318,-0.178,8.5887,0.12234
wfa,female,319,-0.1785,8.5965,0.12235
wfa,female,320,-0.1791,8.6044,0.12235
wfa,female,321,-0.1797,8.6122,0.12236
wfa,female,322,-0.1802,8.6201,0.12237
wfa,female,323,-0.1808,8.6279,0.12238
wfa,female,324,-0.1813,8.6357,0.12239
wfa,female,325,-0.1819,8.6435,0.12239
wfa,female,326,-0.1824,8.6512,0.1224
wfa,female,327,-0.183,8.659,0.12241
wfa,female,328,-0.1835,8.6667,0.12242
wfa,female,329,-0.1841,8.6745,0.12243
wfa,female,330,-0.1846,8.6822,0.12243
wfa,female,331,-0.1851,8.6899,0.12244
wfa,female,332,-0.1857,8.6976,0.12245
wfa,female,333,-0.1862,8.7053,0.12246
wfa,female,334,-0.1867,8.713,0.12246
wfa,female,335,-0.1873,8.7207,0.12247
wfa,female,336,-0.1878,8.7283,0.12248
wfa,female,337,-0.1883,8.736,0.12249
wfa,female,338,-0.1889,8.7436,0.12249
wfa,female,339,-0.1894,8.7512,0.1225
wfa,female,340,-0.1899,8.7588,0.12251
wfa,female,341,-0.1904,8.7664,0.12252
wfa,female,342,-0.1909,8.774,0.12252
wfa,female,343,-0.1914,8.7816,0.12253
wfa,female,344,-0.192,8.7892,0.12254
wfa,female,345,-0.1925,8.7968,0.12254
wfa,female,346,-0.193,8.8043,0.12255
wfa,female,347,-0.1935,8.8119,0.12256
wfa,female,348,-0.194,8.8194,0.12256
wfa,female,349,-0.1945,8.8269,0.12257
wfa,female,350,-0.195,8.8344,0.12258
wfa,female,351,-0.1955,8.842,0.12259
wfa,female,352,-0.196,8.8495,0.12259
wfa,female,353,-0.1965,8.8569,0.1226
wfa,female,354,-0.197,8.8644,0.12261
wfa,female,355,-0.1974,8.8719,0.12261
wfa,female,356,-0.1979,8.8794,0.12262
wfa,female,357,-0.1984,8.8868,0.12262
wfa,female,358,-0.1989,8.8943,0.12263
wfa,female,359,-0.1994,8.9017,0.12264
wfa,female,360,-0.1999,8.9092,0.12264
wfa,female,361,-0.2003,8.9166,0.12265
wfa,female,362,-0.2008,8.924,0.12266
wfa,female,363,-0.2013,8.9314,0.12266
wfa,female,364,-0.2018,8.9388,0.12267
wfa,female,365,-0.2022,8.9462,0.12267
wfa,female,366,-0.2027,8.9536,0.12268
wfa,female,367,-0.2032,8.961,0.12269
wfa,female,368,-0.2036,8.9684,0.12269
wfa,female,369,-0.2041,8.9757,0.1227
wfa,female,370,-0.2046,8.9831,0.1227
wfa,female,371,-0.205,8.9904,0.12271
wfa,female,372,-0.2055,8.9978,0.12272
wfa,female,373,-0.2059,9.0051,0.12272
wfa,female,374,-0.2064,9.0125,0.12273
wfa,female,375,-0.2068,9.0198,0.12273
wfa,female,376,-0.2073,9.0271,0.12274
wfa,female,377,-0.2077,9.0344,0.12274
wfa,female,378,-0.2082,9.0417,0.12275
wfa,female,379,-0.2086,9.049,0.12275
wfa,female,380,-0.2091,9.0563,0.12276
wfa,female,381,-0.2095,9.0636,0.12276
wfa,female,382,-0.21,9.0709,0.12277
wfa,female,383,-0.2104,9.0782,0.12277
wfa,female,384,-0.2108,9.0854,0.12278
wfa,female,385,-0.2113,9.0927,0.12278
wfa,female,386,-0.2117,9.0999,0.12279
wfa,female,387,-0.2121,9.1072,0.12279
wfa,female,388,-0.2126,9.1144,0.1228
wfa,female,389,-0.213,9.1217,0.1228
wfa,female,390,-0.2134,9.1289,0.12281
wfa,female,391,-0.2139,9.1361,0.12281
wfa,female,392,-0.2143,9.1434,0.12282
wfa,female,393,-0.2147,9.1506,0.12282
wfa,female,394,-0.2151,9.1578,0.12282
wfa,female,395,-0.2155,9.165,0.12283
wfa,female,396,-0.216,9.1722,0.12283
wfa,female,397,-0.2164,9.1794,0.12284
wfa,female,398,-0.2168,9.1866,0.12284
wfa,female,399,-0.2172,9.1938,0.12285
wfa,female,400,-0.2176,9.2009,0.12285
wfa,female,401,-0.218,9.2081,0.12285
wfa,female,402,-0.2184,9.2153,0.12286
wfa,female,403,-0.2188,9.2225,0.12286
wfa,female,404,-0.2192,9.2296,0.12287
wfa,female,405,-0.2196,9.2368,0.12287
wfa,female,406,-0.22,9.2439,0.12287
wfa,female,407,-0.2204,9.2511,0.12288
wfa,female,408,-0.2208,9.2582,0.12288
wfa,female,409,-0.2212,9.2654,0.12288
wfa,female,410,-0.2216,9.2725,0.12289
wfa,female,411,-0.222,9.2796,0.12289
wfa,female,412,-0.2224,9.2867,0.12289
wfa,female,413,-0.2228,9.2939,0.1229
wfa,female,414,-0.2232,9.301,0.1229
wfa,female,415,-0.2236,9.3081,0.1229
wfa,female,416,-0.224,9.3152,0.12291
wfa,female,417,-0.2243,9.3223,0.12291
wfa,female,418,-0.2247,9.3294,0.12291
wfa,female,419,-0.2251,9.3365,0.12292
wfa,female,420,-0.2255,9.3436,0.12292
wfa,female,421,-0.2259,9.3507,0.12292
wfa,female,422,-0.2262,9.3578,0.12292
wfa,female,423,-0.2266,9.3649,0.12293
wfa,female,424,-0.227,9.372,0.12293
wfa,female,425,-0.2274,9.379,0.12293
wfa,female,426,-0.2277,9.3861,0.12294
wfa,female,427,-0.2281,9.3932,0.12294
wfa,female,428,-0.2285,9.4002,0.12294
wfa,female,429,-0.2288,9.4073,0.12294
wfa,female,430,-0.2292,9.4144,0.12295
wfa,female,431,-0.2296,9.4214,0.12295
wfa,female,432,-0.2299,9.4285,0.12295
wfa,female,433,-0.2303,9.4355,0.12295
wfa,female,434,-0.2307,9.4426,0.12295
wfa,female,435,-0.231,9.4496,0.12296
wfa,female,436,-0.2314,9.4567,0.12296
wfa,female,437,-0.2317,9.4637,0.12296
wfa,female,438,-0.2321,9.4707,0.12296
wfa,female,439,-0.2324,9.4778,0.12296
wfa,female,440,-0.2328,9.4848,0.12297
wfa,female,441,-0.2331,9.4918,0.12297
wfa,female,442,-0.2335,9.4988,0.12297
wfa,female,443,-0.2338,9.5058,0.12297
wfa,female,444,-0.2342,9.5129,0.12297
wfa,female,445,-0.2345,9.5199,0.12298
wfa,female,446,-0.2349,9.5269,0.12298
wfa,female,447,-0.2352,9.5339,0.12298
wfa,female,448,-0.2355,9.5409,0.12298
wfa,female,449,-0.2359,9.5479,0.12298
wfa,female,450,-0.2362,9.5549,0.12298
wfa,female,451,-0.2366,9.5619,0.12299
wfa,female,452,-0.2369,9.5689,0.12299
wfa,female,453,-0.2372,9.5759,0.12299
wfa,female,454,-0.2376,9.5829,0.12299
wfa,female,455,-0.2379,9.5898,0.12299
wfa,female,456,-0.2382,9.5968,0.12299
wfa,female,457,-0.2385,9.6038,0.12299
wfa,female,458,-0.2389,9.6108,0.123
wfa,female,459,-0.2392,9.6178,0.123
wfa,female,460,-0.2395,9.6247,0.123
wfa,female,461,-0.2398,9.6317,0.123
wfa,female,462,-0.2402,9.6387,0.123
wfa,female,463,-0.2405,9.6457,0.123
wfa,female,464,-0.2408,9.6526,0.123
wfa,female,465,-0.2411,9.6596,0.123
wfa,female,466,-0.2414,9.6665,0.12301
wfa,female,467,-0.2418,9.6735,0.12301
wfa,female,468,-0.2421,9.6805,0.12301
wfa,female,469,-0.2424,9.6874,0.12301
wfa,female,470,-0.2427,9.6944,0.12301
wfa,female,471,-0.243,9.7013,0.12301
wfa,female,472,-0.2433,9.7083,0.12301
wfa,female,473,-0.2436,9.7152,0.12301
wfa,female,474,-0.2439,9.7222,0.12301
wfa,female,475,-0.2442,9.7291,0.12302
wfa,female,476,-0.2446,9.7361,0.12302
wfa,female,477,-0.2449,9.743,0.12302
wfa,female,478,-0.2452,9.75,0.12302
wfa,female,479,-0.2455,9.7569,0.12302
wfa,female,480,-0.2458,9.7638,0.12302
wfa,female,481,-0.2461,9.7708,0.12302
wfa,female,482,-0.2464,9.7777,0.12302
wfa,female,483,-0.2467,9.7846,0.12302
wfa,female,484,-0.247,9.7916,0.12302
wfa,female,485,-0.2472,9.7985,0.12303
wfa,female,486,-0.2475,9.8054,0.12303
wfa,female,487,-0.2478,9.8124,0.12303
wfa,female,488,-0.2481,9.8193,0.12303
wfa,female,489,-0.2484,9.8262,0.12303
wfa,female,490,-0.2487,9.8331,0.12303
wfa,female,491,-0.249,9.8401,0.12303
wfa,female,492,-0.2493,9.847,0.12303
wfa,female,493,-0.2496,9.8539,0.12303
wfa,female,494,-0.2499,9.8608,0.12303
wfa,female,495,-0.2501,9.8677,0.12303
wfa,female,496,-0.2504,9.8746,0.12304
wfa,female,497,-0.2507,9.8816,0.12304
wfa,female,498,-0.251,9.8885,0.12304
wfa,female,499,-0.2513,9.8954,0.12304
wfa,female,500,-0.2515,9.9023,0.12304
wfa,female,501,-0.2518,9.9092,0.12304
wfa,female,502,-0.2521,9.9161,0.12304
wfa,female,503,-0.2524,9.923,0.12304
wfa,female,504,-0.2526,9.9299,0.12304
wfa,female,505,-0.2529,9.9368,0.12304
wfa,female,506,-0.2532,9.9437,0.12304
wfa,female,507,-0.2535,9.9506,0.12305
wfa,female,508,-0.2537,9.9575,0.12305
wfa,female,509,-0.254,9.9644,0.12305
wfa,female,510,-0.2543,9.9713,0.12305
wfa,female,511,-0.2545,9.9782,0.12305
wfa,female,512,-0.2548,9.9851,0.12305
wfa,female,513,-0.2551,9.992,0.12305
wfa,female,514,-0.2553,9.9989,0.12305
wfa,female,515,-0.2556,10.0058,0.12305
wfa,female,516,-0.2558,10.0127,0.12305
wfa,female,517,-0.2561,10.0196,0.12305
wfa,female,518,-0.2564,10.0265,0.12306
wfa,female,519,-0.2566,10.0334,0.12306
wfa,female,520,-0.2569,10.0402,0.12306
wfa,female,521,-0.2571,10.0471,0.12306
wfa,female,522,-0.2574,10.054,0.12306
wfa,female,523,-0.2577,10.0609,0.12306
wfa,female,524,-0.2579,10.0678,0.12306
wfa,female,525,-0.2582,10.0746,0.12306
wfa,female,526,-0.2584,10.0815,0.12306
wfa,female,527,-0.2587,10.0884,0.12307
wfa,female,528,-0.2589,10.0953,0.12307
wfa,female,529,-0.2592,10.1021,0.12307
wfa,female,530,-0.2594,10.109,0.12307
wfa,female,531,-0.2597,10.1159,0.12307
wfa,female,532,-0.2599,10.1227,0.12307
wfa,female,533,-0.2601,10.1296,0.12307
wfa,female,534,-0.2604,10.1365,0.12307
wfa,female,535,-0.2606,10.1433,0.12308
wfa,female,536,-0.2609,10.1502,0.12308
wfa,female,537,-0.2611,10.157,0.12308
wfa,female,538,-0.2614,10.1639,0.12308
wfa,female,539,-0.2616,10.1707,0.12308
wfa,female,540,-0.2618,10.1776,0.12308
wfa,female,541,-0.2621,10.1845,0.12308
wfa,female,542,-0.2623,10.1913,0.12309
wfa,female,543,-0.2625,10.1982,0.12309
wfa,female,544,-0.2628,10.205,0.12309
wfa,female,545,-0.263,10.2119,0.12309
wfa,female,546,-0.2632,10.2187,0.12309
wfa,female,547,-0.2635,10.2255,0.12309
wfa,female,548,-0.2637,10.2324,0.12309
wfa,female,549,-0.2639,10.2392,0.1231
wfa,female,550,-0.2642,10.2461,0.1231
wfa,female,551,-0.2644,10.2529,0.1231
wfa,female,552,-0.2646,10.2597,0.1231
wfa,female,553,-0.2649,10.2666,0.1231
wfa,female,554,-0.2651,10.2734,0.1231
wfa,female,555,-0.2653,10.2803,0.12311
wfa,female,556,-0.2655,10.2871,0.12311
wfa,female,557,-0.2658,10.2939,0.12311
wfa,female,558,-0.266,10.3008,0.12311
wfa,female,559,-0.2662,10.3076,0.12311
wfa,female,560,-0.2664,10.3144,0.12311
wfa,female,561,-0.2666,10.3213,0.12312
wfa,female,562,-0.2669,10.3281,0.12312
wfa,female,563,-0.2671,10.3349,0.12312
wfa,female,564,-0.2673,10.3417,0.12312
wfa,female,565,-0.2675,10.3486,0.12312
wfa,female,566,-0.2677,10.3554,0.12313
wfa,female,567,-0.2679,10.3622,0.12313
wfa,female,568,-0.2682,10.369,0.12313
wfa,female,569,-0.2684,10.3759,0.12313
wfa,female,570,-0.2686,10.3827,0.12313
wfa,female,571,-0.2688,10.3895,0.12314
wfa,female,572,-0.269,10.3963,0.12314
wfa,female,573,-0.2692,10.4031,0.12314
wfa,female,574,-0.2694,10.41,0.12314
wfa,female,575,-0.2696,10.4168,0.12314
wfa,female,576,-0.2698,10.4236,0.12315
wfa,female,577,-0.27,10.4304,0.12315
wfa,female,578,-0.2702,10.4372,0.12315
wfa,female,579,-0.2705,10.444,0.12315
wfa,female,580,-0.2707,10.4508,0.12316
wfa,female,581,-0.2709,10.4577,0.12316
wfa,female,582,-0.2711,10.4645,0.12316
wfa,female,583,-0.2713,10.4713,0.12316
wfa,female,584,-0.2715,10.4781,0.12316
wfa,female,585,-0.2717,10.4849,0.12317
wfa,female,586,-0.2719,10.4917,0.12317
wfa,female,587,-0.2721,10.4985,0.12317
wfa,female,588,-0.2723,10.5053,0.12317
wfa,female,589,-0.2725,10.5121,0.12318
wfa,female,590,-0.2727,10.5189,0.12318
wfa,female,591,-0.2729,10.5257,0.12318
wfa,female,592,-0.273,10.5325,0.12319
wfa,female,593,-0.2732,10.5393,0.12319
wfa,female,594,-0.2734,10.5461,0.12319
wfa,female,595,-0.2736,10.5529,0.12319
wfa,female,596,-0.2738,10.5597,0.1232
wfa,female,597,-0.274,10.5665,0.1232
wfa,female,598,-0.2742,10.5733,0.1232
wfa,female,599,-0.2744,10.5801,0.1232
wfa,female,600,-0.2746,10.5869,0.12321
wfa,female,601,-0.2748,10.5937,0.12321
wfa,female,602,-0.275,10.6005,0.12321
wfa,female,603,-0.2751,10.6073,0.12322
wfa,female,604,-0.2753,10.6141,0.12322
wfa,female,605,-0.2755,10.6209,0.12322
wfa,female,606,-0.2757,10.6277,0.12323
wfa,female,607,-0.2759,10.6345,0.12323
wfa,female,608,-0.2761,10.6413,0.12323
wfa,female,609,-0.2763,10.6481,0.12324
wfa,female,610,-0.2764,10.6549,0.12324
wfa,female,611,-0.2766,10.6617,0.12324
wfa,female,612,-0.2768,10.6685,0.12325
wfa,female,613,-0.277,10.6753,0.12325
wfa,female,614,-0.2772,10.6821,0.12325
wfa,female,615,-0.2773,10.6889,0.12326
wfa,female,616,-0.2775,10.6957,0.12326
wfa,female,617,-0.2777,10.7025,0.12326
wfa,female,618,-0.2779,10.7093,0.12327
wfa,female,619,-0.278,10.7161,0.12327
wfa,female,620,-0.2782,10.7229,0.12327
wfa,female,621,-0.2784,10.7297,0.12328
wfa,female,622,-0.2786,10.7365,0.12328
wfa,female,623,-0.2787,10.7433,0.12328
wfa,female,624,-0.2789,10.7501,0.12329
wfa,female,625,-0.2791,10.7569,0.12329
wfa,female,626,-0.2793,10.7637,0.1233
wfa,female,627,-0.2794,10.7705,0.1233
wfa,female,628,-0.2796,10.7773,0.1233
wfa,female,629,-0.2798,10.7841,0.12331
wfa,female,630,-0.2799,10.7909,0.12331
wfa,female,631,-0.2801,10.7977,0.12332
wfa,female,632,-0.2803,10.8045,0.12332
wfa,female,633,-0.2804,10.8113,0.12332
wfa,female,634,-0.2806,10.8181,0.12333
wfa,female,635,-0.2808,10.8249,0.12333
wfa,female,636,-0.2809,10.8317,0.12334
wfa,female,637,-0.2811,10.8385,0.12334
wfa,female,638,-0.2813,10.8453,0.12335
wfa,female,639,-0.2814,10.8521,0.12335
wfa,female,640,-0.2816,10.8589,0.12336
wfa,female,641,-0.2818,10.8657,0.12336
wfa,female,642,-0.2819,10.8725,0.12336
wfa,female,643,-0.2821,10.8793,0.12337
wfa,female,644,-0.2822,10.8861,0.12337
wfa,female,645,-0.2824,10.8929,0.12338
wfa,female,646,-0.2826,10.8997,0.12338
wfa,female,647,-0.2827,10.9065,0.12339
wfa,female,648,-0.2829,10.9133,0.12339
wfa,female,649,-0.283,10.9202,0.1234
wfa,female,650,-0.2832,10.927,0.1234
wfa,female,651,-0.2834,10.9338,0.12341
wfa,female,652,-0.2835,10.9406,0.12341
wfa,female,653,-0.2837,10.9474,0.12342
wfa,female,654,-0.2838,10.9542,0.12342
wfa,female,655,-0.284,10.961,0.12343
wfa,female,656,-0.2841,10.9679,0.12343
wfa,female,657,-0.2843,10.9747,0.12344
wfa,female,658,-0.2844,10.9815,0.12344
wfa,female,659,-0.2846,10.9883,0.12345
wfa,female,660,-0.2847,10.9951,0.12345
wfa,female,661,-0.2849,11.0019,0.12346
wfa,female,662,-0.285,11.0088,0.12346
wfa,female,663,-0.2852,11.0156,0.12347
wfa,female,664,-0.2853,11.0224,0.12347
wfa,female,665,-0.2855,11.0292,0.12348
wfa,female,666,-0.2856,11.036,0.12348
wfa,female,667,-0.2858,11.0429,0.12349
wfa,female,668,-0.2859,11.0497,0.1235
wfa,female,669,-0.2861,11.0565,0.1235
wfa,female,670,-0.2862,11.0633,0.12351
wfa,female,671,-0.2864,11.0702,0.12351
wfa,female,672,-0.2865,11.077,0.12352
wfa,female,673,-0.2866,11.0838,0.12352
wfa,female,674,-0.2868,11.0906,0.12353
wfa,female,675,-0.2869,11.0975,0.12353
wfa,female,676,-0.2871,11.1043,0.12354
wfa,female,677,-0.2872,11.1111,0.12355
wfa,female,678,-0.2874,11.118,0.12355
wfa,female,679,-0.2875,11.1248,0.12356
wfa,female,680,-0.2876,11.1316,0.12356
wfa,female,681,-0.2878,11.1384,0.12357
wfa,female,682,-0.2879,11.1453,0.12358
wfa,female,683,-0.2881,11.1521,0.12358
wfa,female,684,-0.2882,11.1589,0.12359
wfa,female,685,-0.2883,11.1658,0.12359
wfa,female,686,-0.2885,11.1726,0.1236
wfa,female,687,-0.2886,11.1795,0.12361
wfa,female,688,-0.2887,11.1863,0.12361
wfa,female,689,-0.2889,11.1931,0.12362
wfa,female,690,-0.289,11.2,0.12362
wfa,female,691,-0.2891,11.2068,0.12363
wfa,female,692,-0.2893,11.2137,0.12364
wfa,female,693,-0.2894,11.2205,0.12364
wfa,female,694,-0.2895,11.2273,0.12365
wfa,female,695,-0.2897,11.2342,0.12366
wfa,female,696,-0.2898,11.241,0.12366
wfa,female,697,-0.2899,11.2479,0.12367
wfa,female,698,-0.2901,11.2547,0.12367
wfa,female,699,-0.2902,11.2616,0.12368
wfa,female,700,-0.2903,11.2684,0.12369
wfa,female,701,-0.2905,11.2753,0.12369
wfa,female,702,-0.2906,11.2821,0.1237
wfa,female,703,-0.2907,11.2889,0.12371
wfa,female,704,-0.2909,11.2958,0.12371
wfa,female,705,-0.291,11.3026,0.12372
wfa,female,706,-0.2911,11.3095,0.12373
wfa,female,707,-0.2912,11.3163,0.12373
wfa,female,708,-0.2914,11.3232,0.12374
wfa,female,709,-0.2915,11.33,0.12375
wfa,female,710,-0.2916,11.3369,0.12375
wfa,female,711,-0.2917,11.3438,0.12376
wfa,female,712,-0.2919,11.3506,0.12377
wfa,female,713,-0.292,11.3575,0.12377
wfa,female,714,-0.2921,11.3643,0.12378
wfa,female,715,-0.2922,11.3712,0.12379
wfa,female,716,-0.2924,11.378,0.12379
wfa,female,717,-0.2925,11.3849,0.1238
wfa,female,718,-0.2926,11.3917,0.12381
wfa,female,719,-0.2927,11.3986,0.12382
wfa,female,720,-0.2928,11.4055,0.12382
wfa,female,721,-0.293,11.4123,0.12383
wfa,female,722,-0.2931,11.4192,0.12384
wfa,female,723,-0.2932,11.426,0.12384
wfa,female,724,-0.2933,11.4329,0.12385
wfa,female,725,-0.2934,11.4397,0.12386
wfa,female,726,-0.2936,11.4466,0.12387
wfa,female,727,-0.2937,11.4535,0.12387
wfa,female,728,-0.2938,11.4603,0.12388
wfa,female,729,-0.2939,11.4672,0.12389
wfa,female,730,-0.294,11.4741,0.12389
wfa,female,731,-0.2942,11.4809,0.1239
wfa,female,732,-0.2943,11.4878,0.12391
wfa,female,733,-0.2944,11.4946,0.12392
wfa,female,734,-0.2945,11.5015,0.12392
wfa,female,735,-0.2946,11.5084,0.12393
wfa,female,736,-0.2947,11.5152,0.12394
wfa,female,737,-0.2948,11.5221,0.12395
wfa,female,738,-0.295,11.529,0.12395
wfa,female,739,-0.2951,11.5358,0.12396
wfa,female,740,-0.2952,11.5427,0.12397
wfa,female,741,-0.2953,11.5496,0.12398
wfa,female,742,-0.2954,11.5564,0.12399
wfa,female,743,-0.2955,11.5633,0.12399
wfa,female,744,-0.2956,11.5702,0.124
wfa,female,745,-0.2957,11.577,0.12401
wfa,female,746,-0.2959,11.5839,0.12402
wfa,female,747,-0.296,11.5907,0.12402
wfa,female,748,-0.2961,11.5976,0.12403
wfa,female,749,-0.2962,11.6045,0.12404
wfa,female,750,-0.2963,11.6113,0.12405
wfa,female,751,-0.2964,11.6182,0.12406
wfa,female,752,-0.2965,11.6251,0.12406
wfa,female,753,-0.2966,11.6319,0.12407
wfa,female,754,-0.2967,11.6388,0.12408
wfa,female,755,-0.2968,11.6456,0.12409
wfa,female,756,-0.2969,11.6525,0.1241
wfa,female,757,-0.297,11.6594,0.1241
wfa,female,758,-0.2972,11.6662,0.12411
wfa,female,759,-0.2973,11.6731,0.12412
wfa,female,760,-0.2974,11.6799,0.12413
wfa,female,761,-0.2975,11.6868,0.12414
wfa,female,762,-0.2976,11.6937,0.12415
wfa,female,763,-0.2977,11.7005,0.12415
wfa,female,764,-0.2978,11.7074,0.12416
wfa,female,765,-0.2979,11.7142,0.12417
wfa,female,766,-0.298,11.7211,0.12418
wfa,female,767,-0.2981,11.7279,0.12419
wfa,female,768,-0.2982,11.7348,0.1242
wfa,female,769,-0.2983,11.7416,0.12421
wfa,female,770,-0.2984,11.7485,0.12421
wfa,female,771,-0.2985,11.7553,0.12422
wfa,female,772,-0.2986,11.7622,0.12423
wfa,female,773,-0.2987,11.769,0.12424
wfa,female,774,-0.2988,11.7759,0.12425
wfa,female,775,-0.2989,11.7827,0.12426
wfa,female,776,-0.299,11.7896,0.12427
wfa,female,777,-0.2991,11.7964,0.12428
wfa,female,778,-0.2992,11.8033,0.12429
wfa,female,779,-0.2993,11.8101,0.12429
wfa,female,780,-0.2994,11.817,0.1243
wfa,female,781,-0.2995,11.8238,0.12431
wfa,female,782,-0.2996,11.8307,0.12432
wfa,female,783,-0.2997,11.8375,0.12433
wfa,female,784,-0.2998,11.8443,0.12434
wfa,female,785,-0.2999,11.8512,0.12435
wfa,female,786,-0.3,11.858,0.12436
wfa,female,787,-0.3001,11.8648,0.12437
wfa,female,788,-0.3002,11.8717,0.12438
wfa,female,789,-0.3003,11.8785,0.12439
wfa,female,790,-0.3004,11.8853,0.1244
wfa,female,791,-0.3005,11.8922,0.12441
wfa,female,792,-0.3006,11.899,0.12441
wfa,female,793,-0.3007,11.9058,0.12442
wfa,female,794,-0.3007,11.9126,0.12443
wfa,female,795,-0.3008,11.9194,0.12444
wfa,female,796,-0.3009,11.9263,0.12445
wfa,female,797,-0.301,11.9331,0.12446
wfa,female,798,-0.3011,11.9399,0.12447
wfa,female,799,-0.3012,11.9467,0.12448
wfa,female,800,-0.3013,11.9535,0.12449
wfa,female,801,-0.3014,11.9603,0.1245
wfa,female,802,-0.3015,11.9671,0.12451
wfa,female,803,-0.3016,11.9739,0.12452
wfa,female,804,-0.3017,11.9808,0.12453
wfa,female,805,-0.3018,11.9876,0.12454
wfa,female,806,-0.3019,11.9944,0.12455
wfa,female,807,-0.3019,12.0011,0.12456
wfa,female,808,-0.302,12.0079,0.12457
wfa,female,809,-0.3021,12.0147,0.12458
wfa,female,810,-0.3022,12.0215,0.12459
wfa,female,811,-0.3023,12.0283,0.1246
wfa,female,812,-0.3024,12.0351,0.12461
wfa,female,813,-0.3025,12.0419,0.12462
wfa,female,814,-0.3026,12.0487,0.12463
wfa,female,815,-0.3027,12.0554,0.12465
wfa,female,816,-0.3027,12.0622,0.12466
wfa,female,817,-0.3028,12.069,0.12467
wfa,female,818,-0.3029,12.0758,0.12468
wfa,female,819,-0.303,12.0825,0.12469
wfa,female,820,-0.3031,12.0893,0.1247
wfa,female,821,-0.3032,12.0961,0.12471
wfa,female,822,-0.3033,12.1028,0.12472
wfa,female,823,-0.3033,12.1096,0.12473
wfa,female,824,-0.3034,12.1163,0.12474
wfa,female,825,-0.3035,12.1231,0.12475
wfa,female,826,-0.3036,12.1298,0.12476
wfa,female,827,-0.3037,12.1366,0.12477
wfa,female,828,-0.3038,12.1433,0.12479
wfa,female,829,-0.3039,12.15,0.1248
wfa,female,830,-0.3039,12.1568,0.12481
wfa,female,831,-0.304,12.1635,0.12482
wfa,female,832,-0.3041,12.1702,0.12483
wfa,female,833,-0.3042,12.177,0.12484
wfa,female,834,-0.3043,12.1837,0.12485
wfa,female,835,-0.3044,12.1904,0.12486
wfa,female,836,-0.3044,12.1971,0.12487
wfa,female,837,-0.3045,12.2039,0.12489
wfa,female,838,-0.3046,12.2106,0.1249
wfa,female,839,-0.3047,12.2173,0.12491
wfa,female,840,-0.3048,12.224,0.12492
wfa,female,841,-0.3048,12.2307,0.12493
wfa,female,842,-0.3049,12.2374,0.12494
wfa,female,843,-0.305,12.2441,0.12495
wfa,female,844,-0.3051,12.2508,0.12497
wfa,female,845,-0.3052,12.2575,0.12498
wfa,female,846,-0.3052,12.2642,0.12499
wfa,female,847,-0.3053,12.2709,0.125
wfa,female,848,-0.3054,12.2775,0.12501
wfa,female,849,-0.3055,12.2842,0.12503
wfa,female,850,-0.3056,12.2909,0.12504
wfa,female,851,-0.3056,12.2976,0.12505
wfa,female,852,-0.3057,12.3042,0.12506
wfa,female,853,-0.3058,12.3109,0.12507
wfa,female,854,-0.3059,12.3176,0.12509
wfa,female,855,-0.3059,12.3242,0.1251
wfa,female,856,-0.306,12.3309,0.12511
wfa,female,857,-0.3061,12.3375,0.12512
wfa,female,858,-0.3062,12.3442,0.12513
wfa,female,859,-0.3063,12.3508,0.12515
wfa,female,860,-0.3063,12.3575,0.12516
wfa,female,861,-0.3064,12.3641,0.12517
wfa,female,862,-0.3065,12.3707,0.12518
wfa,female,863,-0.3066,12.3774,0.1252
wfa,female,864,-0.3066,12.384,0.12521
wfa,female,865,-0.3067,12.3906,0.12522
wfa,female,866,-0.3068,12.3973,0.12523
wfa,female,867,-0.3069,12.4039,0.12525
wfa,female,868,-0.3069,12.4105,0.12526
wfa,female,869,-0.307,12.4171,0.12527
wfa,female,870,-0.3071,12.4237,0.12528
wfa,female,871,-0.3072,12.4303,0.1253
wfa,female,872,-0.3072,12.4369,0.12531
wfa,female,873,-0.3073,12.4435,0.12532
wfa,female,874,-0.3074,12.4501,0.12533
wfa,female,875,-0.3074,12.4567,0.12535
wfa,female,876,-0.3075,12.4633,0.12536
wfa,female,877,-0.3076,12.4699,0.12537
wfa,female,878,-0.3077,12.4765,0.12539
wfa,female,879,-0.3077,12.4831,0.1254
wfa,female,880,-0.3078,12.4896,0.12541
wfa,female,881,-0.3079,12.4962,0.12543
wfa,female,882,-0.308,12.5028,0.12544
wfa,female,883,-0.308,12.5093,0.12545
wfa,female,884,-0.3081,12.5159,0.12547
wfa,female,885,-0.3082,12.5225,0.12548
wfa,female,886,-0.3082,12.529,0.12549
wfa,female,887,-0.3083,12.5356,0.12551
wfa,female,888,-0.3084,12.5421,0.12552
wfa,female,889,-0.3085,12.5487,0.12553
wfa,female,890,-0.3085,12.5552,0.12555
wfa,female,891,-0.3086,12.5617,0.12556
wfa,female,892,-0.3087,12.5683,0.12557
wfa,female,893,-0.3087,12.5748,0.12559
wfa,female,894,-0.3088,12.5813,0.1256
wfa,female,895,-0.3089,12.5879,0.12561
wfa,female,896,-0.3089,12.5944,0.12563
wfa,female,897,-0.309,12.6009,0.12564
wfa,female,898,-0.3091,12.6074,0.12566
wfa,female,899,-0.3091,12.6139,0.12567
wfa,female,900,-0.3092,12.6204,0.12568
wfa,female,901,-0.3093,12.6269,0.1257
wfa,female,902,-0.3093,12.6334,0.12571
wfa,female,903,-0.3094,12.6399,0.12573
wfa,female,904,-0.3095,12.6464,0.12574
wfa,female,905,-0.3095,12.6529,0.12575
wfa,female,906,-0.3096,12.6594,0.12577
wfa,female,907,-0.3097,12.6659,0.12578
wfa,female,908,-0.3097,12.6723,0.1258
wfa,female,909,-0.3098,12.6788,0.12581
wfa,female,910,-0.3099,12.6853,0.12583
wfa,female,911,-0.3099,12.6918,0.12584
wfa,female,912,-0.31,12.6982,0.12585
wfa,female,913,-0.3101,12.7047,0.12587
wfa,female,914,-0.3101,12.7111,0.12588
wfa,female,915,-0.3102,12.7176,0.1259
wfa,female,916,-0.3103,12.724,0.12591
wfa,female,917,-0.3103,12.7305,0.12593
wfa,female,918,-0.3104,12.7369,0.12594
wfa,female,919,-0.3105,12.7434,0.12596
wfa,female,920,-0.3105,12.7498,0.12597
wfa,female,921,-0.3106,12.7563,0.12599
wfa,female,922,-0.3107,12.7627,0.126
wfa,female,923,-0.3107,12.7691,0.12602
wfa,female,924,-0.3108,12.7755,0.12603
wfa,female,925,-0.3109,12.782,0.12605
wfa,female,926,-0.3109,12.7884,0.12606
wfa,female,927,-0.311,12.7948,0.12608
wfa,female,928,-0.311,12.8012,0.12609
wfa,female,929,-0.3111,12.8076,0.12611
wfa,female,930,-0.3112,12.814,0.12612
wfa,female,931,-0.3112,12.8204,0.12614
wfa,female,932,-0.3113,12.8268,0.12615
wfa,female,933,-0.3114,12.8332,0.12617
wfa,female,934,-0.3114,12.8396,0.12618
wfa,female,935,-0.3115,12.846,0.1262
wfa,female,936,-0.3116,12.8524,0.12621
wfa,female,937,-0.3116,12.8588,0.12623
wfa,female,938,-0.3117,12.8651,0.12625
wfa,female,939,-0.3117,12.8715,0.12626
wfa,female,940,-0.3118,12.8779,0.12628
wfa,female,941,-0.3119,12.8843,0.12629
wfa,female,942,-0.3119,12.8906,0.12631
wfa,female,943,-0.312,12.897,0.12632
wfa,female,944,-0.312,12.9033,0.12634
wfa,female,945,-0.3121,12.9097,0.12636
wfa,female,946,-0.3122,12.9161,0.12637
wfa,female,947,-0.3122,12.9224,0.12639
wfa,female,948,-0.3123,12.9288,0.1264
wfa,female,949,-0.3123,12.9351,0.12642
wfa,female,950,-0.3124,12.9415,0.12644
wfa,female,951,-0.3125,12.9478,0.12645
wfa,female,952,-0.3125,12.9541,0.12647
wfa,female,953,-0.3126,12.9605,0.12648
wfa,female,954,-0.3126,12.9668,0.1265
wfa,female,955,-0.3127,12.9732,0.12652
wfa,female,956,-0.3128,12.9795,0.12653
wfa,female,957,-0.3128,12.9858,0.12655
wfa,female,958,-0.3129,12.9921,0.12656
wfa,female,959,-0.3129,12.9985,0.12658
wfa,female,960,-0.313,13.0048,0.1266
wfa,female,961,-0.3131,13.0111,0.12661
wfa,female,962,-0.3131,13.0174,0.12663
wfa,female,963,-0.3132,13.0237,0.12665
wfa,female,964,-0.3132,13.03,0.12666
wfa,female,965,-0.3133,13.0363,0.12668
wfa,female,966,-0.3134,13.0427,0.1267
wfa,female,967,-0.3134,13.049,0.12671
wfa,female,968,-0.3135,13.0553,0.12673
wfa,female,969,-0.3135,13.0616,0.12675
wfa,female,970,-0.3136,13.0679,0.12676
wfa,female,971,-0.3136,13.0742,0.12678
wfa,female,972,-0.3137,13.0804,0.1268
wfa,female,973,-0.3138,13.0867,0.12681
wfa,female,974,-0.3138,13.093,0.12683
wfa,female,975,-0.3139,13.0993,0.12685
wfa,female,976,-0.3139,13.1056,0.12687
wfa,female,977,-0.314,13.1119,0.12688
wfa,female,978,-0.314,13.1182,0.1269
wfa,female,979,-0.3141,13.1245,0.12692
wfa,female,980,-0.3142,13.1307,0.12693
wfa,female,981,-0.3142,13.137,0.12695
wfa,female,982,-0.3143,13.1433,0.12697
wfa,female,983,-0.3143,13.1496,0.12699
wfa,female,984,-0.3144,13.1558,0.127
wfa,female,985,-0.3144,13.1621,0.12702
wfa,female,986,-0.3145,13.1684,0.12704
wfa,female,987,-0.3145,13.1746,0.12706
wfa,female,988,-0.3146,13.1809,0.12707
wfa,female,989,-0.3147,13.1872,0.12709
wfa,female,990,-0.3147,13.1934,0.12711
wfa,female,991,-0.3148,13.1997,0.12713
wfa,female,992,-0.3148,13.2059,0.12714
wfa,female,993,-0.3149,13.2122,0.12716
wfa,female,994,-0.3149,13.2185,0.12718
wfa,female,995,-0.315,13.2247,0.1272
wfa,female,996,-0.315,13.231,0.12721
wfa,female,997,-0.3151,13.2372,0.12723
wfa,female,998,-0.3152,13.2435,0.12725
wfa,female,999,-0.3152,13.2497,0.12727
wfa,female,1000,-0.3153,13.256,0.12729
wfa,female,1001,-0.3153,13.2622,0.1273
wfa,female,1002,-0.3154,13.2684,0.12732
wfa,female,1003,-0.3154,13.2747,0.12734
wfa,female,1004,-0.3155,13.2809,0.12736
wfa,female,1005,-0.3155,13.2872,0.12738
wfa,female,1006,-0.3156,13.2934,0.12739
wfa,female,1007,-0.3156,13.2996,0.12741
wfa,female,1008,-0.3157,13.3059,0.12743
wfa,female,1009,-0.3158,13.3121,0.12745
wfa,female,1010,-0.3158,13.3183,0.12747
wfa,female,1011,-0.3159,13.3246,0.12749
wfa,female,1012,-0.3159,13.3308,0.1275
wfa,female,1013,-0.316,13.337,0.12752
wfa,female,1014,-0.316,13.3433,0.12754
wfa,female,1015,-0.3161,13.3495,0.12756
wfa,female,1016,-0.3161,13.3557,0.12758
wfa,female,1017,-0.3162,13.3619,0.1276
wfa,female,1018,-0.3162,13.3682,0.12762
wfa,female,1019,-0.3163,13.3744,0.12763
wfa,female,1020,-0.3163,13.3806,0.12765
wfa,female,1021,-0.3164,13.3868,0.12767
wfa,female,1022,-0.3164,13.3931,0.12769
wfa,female,1023,-0.3165,13.3993,0.12771
wfa,female,1024,-0.3165,13.4055,0.12773
wfa,female,1025,-0.3166,13.4117,0.12775
wfa,female,1026,-0.3167,13.4179,0.12777
wfa,female,1027,-0.3167,13.4242,0.12779
wfa,female,1028,-0.3168,13.4304,0.12781
wfa,female,1029,-0.3168,13.4366,0.12782
wfa,female,1030,-0.3169,13.4428,0.12784
wfa,female,1031,-0.3169,13.449,0.12786
wfa,female,1032,-0.317,13.4552,0.12788
wfa,female,1033,-0.317,13.4614,0.1279
wfa,female,1034,-0.3171,13.4677,0.12792
wfa,female,1035,-0.3171,13.4739,0.12794
wfa,female,1036,-0.3172,13.4801,0.12796
wfa,female,1037,-0.3172,13.4863,0.12798
wfa,female,1038,-0.3173,13.4925,0.128
wfa,female,1039,-0.3173,13.4987,0.12802
wfa,female,1040,-0.3174,13.5049,0.12804
wfa,female,1041,-0.3174,13.5111,0.12806
wfa,female,1042,-0.3175,13.5173,0.12808
wfa,female,1043,-0.3175,13.5235,0.1281
wfa,female,1044,-0.3176,13.5297,0.12812
wfa,female,1045,-0.3176,13.5359,0.12814
wfa,female,1046,-0.3177,13.5421,0.12816
wfa,female,1047,-0.3177,13.5483,0.12818
wfa,female,1048,-0.3178,13.5545,0.12819
wfa,female,1049,-0.3178,13.5607,0.12821
wfa,female,1050,-0.3179,13.5669,0.12823
wfa,female,1051,-0.3179,13.5731,0.12825
wfa,female,1052,-0.318,13.5793,0.12827
wfa,female,1053,-0.318,13.5855,0.12829
wfa,female,1054,-0.3181,13.5917,0.12832
wfa,female,1055,-0.3181,13.5979,0.12834
wfa,female,1056,-0.3182,13.6041,0.12836
wfa,female,1057,-0.3182,13.6103,0.12838
wfa,female,1058,-0.3183,13.6165,0.1284
wfa,female,1059,-0.3183,13.6227,0.12842
wfa,female,1060,-0.3184,13.6289,0.12844
wfa,female,1061,-0.3184,13.6351,0.12846
wfa,female,1062,-0.3185,13.6413,0.12848
wfa,female,1063,-0.3185,13.6475,0.1285
wfa,female,1064,-0.3186,13.6537,0.12852
wfa,female,1065,-0.3186,13.6599,0.12854
wfa,female,1066,-0.3187,13.6661,0.12856
wfa,female,1067,-0.3187,13.6723,0.12858
wfa,female,1068,-0.3188,13.6785,0.1286
wfa,female,1069,-0.3188,13.6847,0.12862
wfa,female,1070,-0.3189,13.6909,0.12864
wfa,female,1071,-0.3189,13.6971,0.12866
wfa,female,1072,-0.319,13.7033,0.12868
wfa,female,1073,-0.319,13.7095,0.12871
wfa,female,1074,-0.3191,13.7157,0.12873
wfa,female,1075,-0.3191,13.7218,0.12875
wfa,female,1076,-0.3192,13.728,0.12877
wfa,female,1077,-0.3192,13.7342,0.12879
wfa,female,1078,-0.3193,13.7404,0.12881
wfa,female,1079,-0.3193,13.7466,0.12883
wfa,female,1080,-0.3194,13.7528,0.12885
wfa,female,1081,-0.3194,13.759,0.12887
wfa,female,1082,-0.3195,13.7652,0.1289
wfa,female,1083,-0.3195,13.7714,0.12892
wfa,female,1084,-0.3196,13.7776,0.12894
wfa,female,1085,-0.3196,13.7838,0.12896
wfa,female,1086,-0.3197,13.7899,0.12898
wfa,female,1087,-0.3197,13.7961,0.129
wfa,female,1088,-0.3198,13.8023,0.12902
wfa,female,1089,-0.3198,13.8085,0.12905
wfa,female,1090,-0.3198,13.8147,0.12907
wfa,female,1091,-0.3199,13.8209,0.12909
wfa,female,1092,-0.3199,13.8271,0.12911
wfa,female,1093,-0.32,13.8333,0.12913
wfa,female,1094,-0.32,13.8395,0.12915
wfa,female,1095,-0.3201,13.8456,0.12918
wfa,female,1096,-0.3201,13.8518,0.1292
wfa,female,1097,-0.3202,13.858,0.12922
wfa,female,1098,-0.3202,13.8642,0.12924
wfa,female,1099,-0.3203,13.8704,0.12926
wfa,female,1100,-0.3203,13.8766,0.12929
wfa,female,1101,-0.3204,13.8828,0.12931
wfa,female,1102,-0.3204,13.8889,0.12933
wfa,female,1103,-0.3205,13.8951,0.12935
wfa,female,1104,-0.3205,13.9013,0.12937
wfa,female,1105,-0.3206,13.9075,0.1294
wfa,female,1106,-0.3206,13.9137,0.12942
wfa,female,1107,-0.3207,13.9199,0.12944
wfa,female,1108,-0.3207,13.9261,0.12946
wfa,female,1109,-0.3208,13.9322,0.12948
wfa,female,1110,-0.3208,13.9384,0.12951
wfa,female,1111,-0.3208,13.9446,0.12953
wfa,female,1112,-0.3209,13.9508,0.12955
wfa,female,1113,-0.3209,13.957,0.12957
wfa,female,1114,-0.321,13.9632,0.1296
wfa,female,1115,-0.321,13.9693,0.12962
wfa,female,1116,-0.3211,13.9755,0.12964
wfa,female,1117,-0.3211,13.9817,0.12967
wfa,female,1118,-0.3212,13.9879,0.12969
wfa,female,1119,-0.3212,13.9941,0.12971
wfa,female,1120,-0.3213,14.0003,0.12973
wfa,female,1121,-0.3213,14.0064,0.12976
wfa,female,1122,-0.3214,14.0126,0.12978
wfa,female,1123,-0.3214,14.0188,0.1298
wfa,female,1124,-0.3215,14.025,0.12982
wfa,female,1125,-0.3215,14.0312,0.12985
wfa,female,1126,-0.3216,14.0373,0.12987
wfa,female,1127,-0.3216,14.0435,0.12989
wfa,female,1128,-0.3216,14.0497,0.12992
wfa,female,1129,-0.3217,14.0559,0.12994
wfa,female,1130,-0.3217,14.0621,0.12996
wfa,female,1131,-0.3218,14.0682,0.12999
wfa,female,1132,-0.3218,14.0744,0.13001
wfa,female,1133,-0.3219,14.0806,0.13003
wfa,female,1134,-0.3219,14.0868,0.13006
wfa,female,1135,-0.322,14.093,0.13008
wfa,female,1136,-0.322,14.0991,0.1301
wfa,female,1137,-0.3221,14.1053,0.13013
wfa,female,1138,-0.3221,14.1115,0.13015
wfa,female,1139,-0.3222,14.1177,0.13017
wfa,female,1140,-0.3222,14.1238,0.1302
wfa,female,1141,-0.3222,14.13,0.13022
wfa,female,1142,-0.3223,14.1362,0.13024
wfa,female,1143,-0.3223,14.1424,0.13027
wfa,female,1144,-0.3224,14.1485,0.13029
wfa,female,1145,-0.3224,14.1547,0.13032
wfa,female,1146,-0.3225,14.1609,0.13034
wfa,female,1147,-0.3225,14.1671,0.13036
wfa,female,1148,-0.3226,14.1732,0.13039
wfa,female,1149,-0.3226,14.1794,0.13041
wfa,female,1150,-0.3227,14.1856,0.13043
wfa,female,1151,-0.3227,14.1917,0.13046
wfa,female,1152,-0.3227,14.1979,0.13048
wfa,female,1153,-0.3228,14.2041,0.13051
wfa,female,1154,-0.3228,14.2103,0.13053
wfa,female,1155,-0.3229,14.2164,0.13055
wfa,female,1156,-0.3229,14.2226,0.13058
wfa,female,1157,-0.323,14.2288,0.1306
wfa,female,1158,-0.323,14.2349,0.13063
wfa,female,1159,-0.3231,14.2411,0.13065
wfa,female,1160,-0.3231,14.2473,0.13068
wfa,female,1161,-0.3232,14.2534,0.1307
wfa,female,1162,-0.3232,14.2596,0.13072
wfa,female,1163,-0.3232,14.2658,0.13075
wfa,female,1164,-0.3233,14.2719,0.13077
wfa,female,1165,-0.3233,14.2781,0.1308
wfa,female,1166,-0.3234,14.2843,0.13082
wfa,female,1167,-0.3234,14.2904,0.13085
wfa,female,1168,-0.3235,14.2966,0.13087
wfa,female,1169,-0.3235,14.3028,0.1309
wfa,female,1170,-0.3236,14.3089,0.13092
wfa,female,1171,-0.3236,14.3151,0.13095
wfa,female,1172,-0.3237,14.3213,0.13097
wfa,female,1173,-0.3237,14.3274,0.13099
wfa,female,1174,-0.3237,14.3336,0.13102
wfa,female,1175,-0.3238,14.3397,0.13104
wfa,female,1176,-0.3238,14.3459,0.13107
wfa,female,1177,-0.3239,14.3521,0.13109
wfa,female,1178,-0.3239,14.3582,0.13112
wfa,female,1179,-0.324,14.3644,0.13114
wfa,female,1180,-0.324,14.3705,0.13117
wfa,female,1181,-0.3241,14.3767,0.13119
wfa,female,1182,-0.3241,14.3829,0.13122
wfa,female,1183,-0.3241,14.389,0.13124
wfa,female,1184,-0.3242,14.3952,0.13127
wfa,female,1185,-0.3242,14.4013,0.13129
wfa,female,1186,-0.3243,14.4075,0.13132
wfa,female,1187,-0.3243,14.4136,0.13134
wfa,female,1188,-0.3244,14.4198,0.13137
wfa,female,1189,-0.3244,14.4259,0.1314
wfa,female,1190,-0.3245,14.4321,0.13142
wfa,female,1191,-0.3245,14.4382,0.13145
wfa,female,1192,-0.3245,14.4444,0.13147
wfa,female,1193,-0.3246,14.4505,0.1315
wfa,female,1194,-0.3246,14.4567,0.13152
wfa,female,1195,-0.3247,14.4628,0.13155
wfa,female,1196,-0.3247,14.469,0.13157
wfa,female,1197,-0.3248,14.4751,0.1316
wfa,female,1198,-0.3248,14.4813,0.13162
wfa,female,1199,-0.3249,14.4874,0.13165
wfa,female,1200,-0.3249,14.4936,0.13167
wfa,female,1201,-0.3249,14.4997,0.1317
wfa,female,1202,-0.325,14.5059,0.13173
wfa,female,1203,-0.325,14.512,0.13175
wfa,female,1204,-0.3251,14.5181,0.13178
wfa,female,1205,-0.3251,14.5243,0.1318
wfa,female,1206,-0.3252,14.5304,0.13183
wfa,female,1207,-0.3252,14.5366,0.13185
wfa,female,1208,-0.3253,14.5427,0.13188
wfa,female,1209,-0.3253,14.5488,0.13191
wfa,female,1210,-0.3253,14.555,0.13193
wfa,female,1211,-0.3254,14.5611,0.13196
wfa,female,1212,-0.3254,14.5673,0.13198
wfa,female,1213,-0.3255,14.5734,0.13201
wfa,female,1214,-0.3255,14.5795,0.13204
wfa,female,1215,-0.3256,14.5857,0.13206
wfa,female,1216,-0.3256,14.5918,0.13209
wfa,female,1217,-0.3257,14.5979,0.13211
wfa,female,1218,-0.3257,14.6041,0.13214
wfa,female,1219,-0.3257,14.6102,0.13217
wfa,female,1220,-0.3258,14.6163,0.13219
wfa,female,1221,-0.3258,14.6225,0.13222
wfa,female,1222,-0.3259,14.6286,0.13225
wfa,female,1223,-0.3259,14.6347,0.13227
wfa,female,1224,-0.326,14.6408,0.1323
wfa,female,1225,-0.326,14.647,0.13232
wfa,female,1226,-0.3261,14.6531,0.13235
wfa,female,1227,-0.3261,14.6592,0.13238
wfa,female,1228,-0.3261,14.6653,0.1324
wfa,female,1229,-0.3262,14.6715,0.13243
wfa,female,1230,-0.3262,14.6776,0.13246
wfa,female,1231,-0.3263,14.6837,0.13248
wfa,female,1232,-0.3263,14.6898,0.13251
wfa,female,1233,-0.3264,14.696,0.13254
wfa,female,1234,-0.3264,14.7021,0.13256
wfa,female,1235,-0.3264,14.7082,0.13259
wfa,female,1236,-0.3265,14.7143,0.13262
wfa,female,1237,-0.3265,14.7204,0.13264
wfa,female,1238,-0.3266,14.7265,0.13267
wfa,female,1239,-0.3266,14.7327,0.13269
wfa,female,1240,-0.3267,14.7388,0.13272
wfa,female,1241,-0.3267,14.7449,0.13275
wfa,female,1242,-0.3268,14.751,0.13278
wfa,female,1243,-0.3268,14.7571,0.1328
wfa,female,1244,-0.3268,14.7632,0.13283
wfa,female,1245,-0.3269,14.7693,0.13286
wfa,female,1246,-0.3269,14.7754,0.13288
wfa,female,1247,-0.327,14.7816,0.13291
wfa,female,1248,-0.327,14.7877,0.13294
wfa,female,1249,-0.3271,14.7938,0.13296
wfa,female,1250,-0.3271,14.7999,0.13299
wfa,female,1251,-0.3271,14.806,0.13302
wfa,female,1252,-0.3272,14.8121,0.13304
wfa,female,1253,-0.3272,14.8182,0.13307
wfa,female,1254,-0.3273,14.8243,0.1331
wfa,female,1255,-0.3273,14.8304,0.13312
wfa,female,1256,-0.3274,14.8365,0.13315
wfa,female,1257,-0.3274,14.8426,0.13318
wfa,female,1258,-0.3274,14.8487,0.13321
wfa,female,1259,-0.3275,14.8548,0.13323
wfa,female,1260,-0.3275,14.8609,0.13326
wfa,female,1261,-0.3276,14.867,0.13329
wfa,female,1262,-0.3276,14.8731,0.13331
wfa,female,1263,-0.3277,14.8792,0.13334
wfa,female,1264,-0.3277,14.8853,0.13337
wfa,female,1265,-0.3278,14.8913,0.13339
wfa,female,1266,-0.3278,14.8974,0.13342
wfa,female,1267,-0.3278,14.9035,0.13345
wfa,female,1268,-0.3279,14.9096,0.13348
wfa,female,1269,-0.3279,14.9157,0.1335
wfa,female,1270,-0.328,14.9218,0.13353
wfa,female,1271,-0.328,14.9279,0.13356
wfa,female,1272,-0.3281,14.934,0.13359
wfa,female,1273,-0.3281,14.94,0.13361
wfa,female,1274,-0.3281,14.9461,0.13364
wfa,female,1275,-0.3282,14.9522,0.13367
wfa,female,1276,-0.3282,14.9583,0.13369
wfa,female,1277,-0.3283,14.9644,0.13372
wfa,female,1278,-0.3283,14.9704,0.13375
wfa,female,1279,-0.3284,14.9765,0.13378
wfa,female,1280,-0.3284,14.9826,0.1338
wfa,female,1281,-0.3284,14.9887,0.13383
wfa,female,1282,-0.3285,14.9948,0.13386
wfa,female,1283,-0.3285,15.0008,0.13389
wfa,female,1284,-0.3286,15.0069,0.13391
wfa,female,1285,-0.3286,15.013,0.13394
wfa,female,1286,-0.3287,15.019,0.13397
wfa,female,1287,-0.3287,15.0251,0.134
wfa,female,1288,-0.3287,15.0312,0.13402
wfa,female,1289,-0.3288,15.0373,0.13405
wfa,female,1290,-0.3288,15.0433,0.13408
wfa,female,1291,-0.3289,15.0494,0.13411
wfa,female,1292,-0.3289,15.0555,0.13413
wfa,female,1293,-0.329,15.0615,0.13416
wfa,female,1294,-0.329,15.0676,0.13419
wfa,female,1295,-0.329,15.0736,0.13422
wfa,female,1296,-0.3291,15.0797,0.13425
wfa,female,1297,-0.3291,15.0858,0.13427
wfa,female,1298,-0.3292,15.0918,0.1343
wfa,female,1299,-0.3292,15.0979,0.13433
wfa,female,1300,-0.3293,15.1039,0.13436
wfa,female,1301,-0.3293,15.11,0.13438
wfa,female,1302,-0.3293,15.1161,0.13441
wfa,female,1303,-0.3294,15.1221,0.13444
wfa,female,1304,-0.3294,15.1282,0.13447
wfa,female,1305,-0.3295,15.1342,0.13449
wfa,female,1306,-0.3295,15.1403,0.13452
wfa,female,1307,-0.3296,15.1463,0.13455
wfa,female,1308,-0.3296,15.1524,0.13458
wfa,female,1309,-0.3296,15.1584,0.13461
wfa,female,1310,-0.3297,15.1645,0.13463
wfa,female,1311,-0.3297,15.1705,0.13466
wfa,female,1312,-0.3298,15.1766,0.13469
wfa,female,1313,-0.3298,15.1826,0.13472
wfa,female,1314,-0.3299,15.1887,0.13474
wfa,female,1315,-0.3299,15.1947,0.13477
wfa,female,1316,-0.3299,15.2008,0.1348
wfa,female,1317,-0.33,15.2068,0.13483
wfa,female,1318,-0.33,15.2128,0.13486
wfa,female,1319,-0.3301,15.2189,0.13488
wfa,female,1320,-0.3301,15.2249,0.13491
wfa,female,1321,-0.3302,15.231,0.13494
wfa,female,1322,-0.3302,15.237,0.13497
wfa,female,1323,-0.3302,15.243,0.135
wfa,female,1324,-0.3303,15.2491,0.13502
wfa,female,1325,-0.3303,15.2551,0.13505
wfa,female,1326,-0.3304,15.2611,0.13508
wfa,female,1327,-0.3304,15.2672,0.13511
wfa,female,1328,-0.3305,15.2732,0.13514
wfa,female,1329,-0.3305,15.2792,0.13516
wfa,female,1330,-0.3305,15.2853,0.13519
wfa,female,1331,-0.3306,15.2913,0.13522
wfa,female,1332,-0.3306,15.2973,0.13525
wfa,female,1333,-0.3307,15.3034,0.13527
wfa,female,1334,-0.3307,15.3094,0.1353
wfa,female,1335,-0.3308,15.3154,0.13533
wfa,female,1336,-0.3308,15.3214,0.13536
wfa,female,1337,-0.3308,15.3275,0.13539
wfa,female,1338,-0.3309,15.3335,0.13541
wfa,female,1339,-0.3309,15.3395,0.13544
wfa,female,1340,-0.331,15.3455,0.13547
wfa,female,1341,-0.331,15.3516,0.1355
wfa,female,1342,-0.3311,15.3576,0.13553
wfa,female,1343,-0.3311,15.3636,0.13555
wfa,female,1344,-0.3311,15.3696,0.13558
wfa,female,1345,-0.3312,15.3756,0.13561
wfa,female,1346,-0.3312,15.3817,0.13564
wfa,female,1347,-0.3313,15.3877,0.13567
wfa,female,1348,-0.3313,15.3937,0.13569
wfa,female,1349,-0.3314,15.3997,0.13572
wfa,female,1350,-0.3314,15.4057,0.13575
wfa,female,1351,-0.3314,15.4117,0.13578
wfa,female,1352,-0.3315,15.4178,0.13581
wfa,female,1353,-0.3315,15.4238,0.13584
wfa,female,1354,-0.3316,15.4298,0.13586
wfa,female,1355,-0.3316,15.4358,0.13589
wfa,female,1356,-0.3317,15.4418,0.13592
wfa,female,1357,-0.3317,15.4478,0.13595
wfa,female,1358,-0.3317,15.4538,0.13598
wfa,female,1359,-0.3318,15.4598,0.136
wfa,female,1360,-0.3318,15.4658,0.13603
wfa,female,1361,-0.3319,15.4719,0.13606
wfa,female,1362,-0.3319,15.4779,0.13609
wfa,female,1363,-0.332,15.4839,0.13612
wfa,female,1364,-0.332,15.4899,0.13614
wfa,female,1365,-0.332,15.4959,0.13617
wfa,female,1366,-0.3321,15.5019,0.1362
wfa,female,1367,-0.3321,15.5079,0.13623
wfa,female,1368,-0.3322,15.5139,0.13626
wfa,female,1369,-0.3322,15.5199,0.13628
wfa,female,1370,-0.3322,15.5259,0.13631
wfa,female,1371,-0.3323,15.5319,0.13634
wfa,female,1372,-0.3323,15.5379,0.13637
wfa,female,1373,-0.3324,15.5439,0.1364
wfa,female,1374,-0.3324,15.5499,0.13642
wfa,female,1375,-0.3325,15.5559,0.13645
wfa,female,1376,-0.3325,15.5619,0.13648
wfa,female,1377,-0.3325,15.5679,0.13651
wfa,female,1378,-0.3326,15.5739,0.13654
wfa,female,1379,-0.3326,15.5799,0.13656
wfa,female,1380,-0.3327,15.5859,0.13659
wfa,female,1381,-0.3327,15.5918,0.13662
wfa,female,1382,-0.3328,15.5978,0.13665
wfa,female,1383,-0.3328,15.6038,0.13668
wfa,female,1384,-0.3328,15.6098,0.1367
wfa,female,1385,-0.3329,15.6158,0.13673
wfa,female,1386,-0.3329,15.6218,0.13676
wfa,female,1387,-0.333,15.6278,0.13679
wfa,female,1388,-0.333,15.6338,0.13682
wfa,female,1389,-0.3331,15.6398,0.13684
wfa,female,1390,-0.3331,15.6458,0.13687
wfa,female,1391,-0.3331,15.6517,0.1369
wfa,female,1392,-0.3332,15.6577,0.13693
wfa,female,1393,-0.3332,15.6637,0.13696
wfa,female,1394,-0.3333,15.6697,0.13698
wfa,female,1395,-0.3333,15.6757,0.13701
wfa,female,1396,-0.3334,15.6817,0.13704
wfa,female,1397,-0.3334,15.6877,0.13707
wfa,female,1398,-0.3334,15.6936,0.1371
wfa,female,1399,-0.3335,15.6996,0.13712
wfa,female,1400,-0.3335,15.7056,0.13715
wfa,female,1401,-0.3336,15.7116,0.13718
wfa,female,1402,-0.3336,15.7176,0.13721
wfa,female,1403,-0.3337,15.7236,0.13724
wfa,female,1404,-0.3337,15.7295,0.13726
wfa,female,1405,-0.3337,15.7355,0.13729
wfa,female,1406,-0.3338,15.7415,0.13732
wfa,female,1407,-0.3338,15.7475,0.13735
wfa,female,1408,-0.3339,15.7534,0.13737
wfa,female,1409,-0.3339,15.7594,0.1374
wfa,female,1410,-0.3339,15.7654,0.13743
wfa,female,1411,-0.334,15.7714,0.13746
wfa,female,1412,-0.334,15.7774,0.13749
wfa,female,1413,-0.3341,15.7833,0.13751
wfa,female,1414,-0.3341,15.7893,0.13754
wfa,female,1415,-0.3342,15.7953,0.13757
wfa,female,1416,-0.3342,15.8013,0.1376
wfa,female,1417,-0.3342,15.8072,0.13763
wfa,female,1418,-0.3343,15.8132,0.13765
wfa,female,1419,-0.3343,15.8192,0.13768
wfa,female,1420,-0.3344,15.8252,0.13771
wfa,female,1421,-0.3344,15.8311,0.13774
wfa,female,1422,-0.3345,15.8371,0.13776
wfa,female,1423,-0.3345,15.8431,0.13779
wfa,female,1424,-0.3345,15.849,0.13782
wfa,female,1425,-0.3346,15.855,0.13785
wfa,female,1426,-0.3346,15.861,0.13788
wfa,female,1427,-0.3347,15.8669,0.1379
wfa,female,1428,-0.3347,15.8729,0.13793
wfa,female,1429,-0.3348,15.8789,0.13796
wfa,female,1430,-0.3348,15.8849,0.13799
wfa,female,1431,-0.3348,15.8908,0.13801
wfa,female,1432,-0.3349,15.8968,0.13804
wfa,female,1433,-0.3349,15.9028,0.13807
wfa,female,1434,-0.335,15.9087,0.1381
wfa,female,1435,-0.335,15.9147,0.13813
wfa,female,1436,-0.3351,15.9207,0.13815
wfa,female,1437,-0.3351,15.9266,0.13818
wfa,female,1438,-0.3351,15.9326,0.13821
wfa,female,1439,-0.3352,15.9386,0.13824
wfa,female,1440,-0.3352,15.9445,0.13826
wfa,female,1441,-0.3353,15.9505,0.13829
wfa,female,1442,-0.3353,15.9565,0.13832
wfa,female,1443,-0.3354,15.9624,0.13835
wfa,female,1444,-0.3354,15.9684,0.13838
wfa,female,1445,-0.3354,15.9744,0.1384
wfa,female,1446,-0.3355,15.9803,0.13843
wfa,female,1447,-0.3355,15.9863,0.13846
wfa,female,1448,-0.3356,15.9922,0.13849
wfa,female,1449,-0.3356,15.9982,0.13851
wfa,female,1450,-0.3357,16.0042,0.13854
wfa,female,1451,-0.3357,16.0101,0.13857
wfa,female,1452,-0.3357,16.0161,0.1386
wfa,female,1453,-0.3358,16.0221,0.13862
wfa,female,1454,-0.3358,16.028,0.13865
wfa,female,1455,-0.3359,16.034,0.13868
wfa,female,1456,-0.3359,16.0399,0.13871
wfa,female,1457,-0.3359,16.0459,0.13873
wfa,female,1458,-0.336,16.0519,0.13876
wfa,female,1459,-0.336,16.0578,0.13879
wfa,female,1460,-0.3361,16.0638,0.13882
wfa,female,1461,-0.3361,16.0697,0.13884
wfa,female,1462,-0.3362,16.0757,0.13887
wfa,female,1463,-0.3362,16.0817,0.1389
wfa,female,1464,-0.3362,16.0876,0.13893
wfa,female,1465,-0.3363,16.0936,0.13895
wfa,female,1466,-0.3363,16.0995,0.13898
wfa,female,1467,-0.3364,16.1055,0.13901
wfa,female,1468,-0.3364,16.1115,0.13904
wfa,female,1469,-0.3365,16.1174,0.13907
wfa,female,1470,-0.3365,16.1234,0.13909
wfa,female,1471,-0.3365,16.1293,0.13912
wfa,female,1472,-0.3366,16.1353,0.13915
wfa,female,1473,-0.3366,16.1413,0.13918
wfa,female,1474,-0.3367,16.1472,0.1392
wfa,female,1475,-0.3367,16.1532,0.13923
wfa,female,1476,-0.3368,16.1591,0.13926
wfa,female,1477,-0.3368,16.1651,0.13928
wfa,female,1478,-0.3368,16.171,0.13931
wfa,female,1479,-0.3369,16.177,0.13934
wfa,female,1480,-0.3369,16.1829,0.13937
wfa,female,1481,-0.337,16.1889,0.13939
wfa,female,1482,-0.337,16.1949,0.13942
wfa,female,1483,-0.3371,16.2008,0.13945
wfa,female,1484,-0.3371,16.2068,0.13948
wfa,female,1485,-0.3371,16.2127,0.1395
wfa,female,1486,-0.3372,16.2187,0.13953
wfa,female,1487,-0.3372,16.2246,0.13956
wfa,female,1488,-0.3373,16.2306,0.13959
wfa,female,1489,-0.3373,16.2365,0.13961
wfa,female,1490,-0.3374,16.2425,0.13964
wfa,female,1491,-0.3374,16.2485,0.13967
wfa,female,1492,-0.3374,16.2544,0.1397
wfa,female,1493,-0.3375,16.2604,0.13972
wfa,female,1494,-0.3375,16.2663,0.13975
wfa,female,1495,-0.3376,16.2723,0.13978
wfa,female,1496,-0.3376,16.2782,0.1398
wfa,female,1497,-0.3377,16.2842,0.13983
wfa,female,1498,-0.3377,16.2901,0.13986
wfa,female,1499,-0.3377,16.2961,0.13989
wfa,female,1500,-0.3378,16.302,0.13991
wfa,female,1501,-0.3378,16.308,0.13994
wfa,female,1502,-0.3379,16.314,0.13997
wfa,female,1503,-0.3379,16.3199,0.14
wfa,female,1504,-0.338,16.3259,0.14002
wfa,female,1505,-0.338,16.3318,0.14005
wfa,female,1506,-0.338,16.3378,0.14008
wfa,female,1507,-0.3381,16.3437,0.1401
wfa,female,1508,-0.3381,16.3497,0.14013
wfa,female,1509,-0.3382,16.3556,0.14016
wfa,female,1510,-0.3382,16.3616,0.14019
wfa,female,1511,-0.3383,16.3675,0.14021
wfa,female,1512,-0.3383,16.3735,0.14024
wfa,female,1513,-0.3383,16.3794,0.14027
wfa,female,1514,-0.3384,16.3854,0.14029
wfa,female,1515,-0.3384,16.3913,0.14032
wfa,female,1516,-0.3385,16.3973,0.14035
wfa,female,1517,-0.3385,16.4032,0.14038
wfa,female,1518,-0.3386,16.4092,0.1404
wfa,female,1519,-0.3386,16.4151,0.14043
wfa,female,1520,-0.3386,16.4211,0.14046
wfa,female,1521,-0.3387,16.427,0.14048
wfa,female,1522,-0.3387,16.433,0.14051
wfa,female,1523,-0.3388,16.4389,0.14054
wfa,female,1524,-0.3388,16.4449,0.14056
wfa,female,1525,-0.3389,16.4508,0.14059
wfa,female,1526,-0.3389,16.4568,0.14062
wfa,female,1527,-0.3389,16.4627,0.14065
wfa,female,1528,-0.339,16.4687,0.14067
wfa,female,1529,-0.339,16.4746,0.1407
wfa,female,1530,-0.3391,16.4806,0.14073
wfa,female,1531,-0.3391,16.4865,0.14075
wfa,female,1532,-0.3392,16.4925,0.14078
wfa,female,1533,-0.3392,16.4984,0.14081
wfa,female,1534,-0.3392,16.5044,0.14083
wfa,female,1535,-0.3393,16.5103,0.14086
wfa,female,1536,-0.3393,16.5163,0.14089
wfa,female,1537,-0.3394,16.5222,0.14091
wfa,female,1538,-0.3394,16.5282,0.14094
wfa,female,1539,-0.3395,16.5341,0.14097
wfa,female,1540,-0.3395,16.5401,0.141
wfa,female,1541,-0.3396,16.546,0.14102
wfa,female,1542,-0.3396,16.552,0.14105
wfa,female,1543,-0.3396,16.5579,0.14108
wfa,female,1544,-0.3397,16.5639,0.1411
wfa,female,1545,-0.3397,16.5698,0.14113
wfa,female,1546,-0.3398,16.5758,0.14116
wfa,female,1547,-0.3398,16.5817,0.14118
wfa,female,1548,-0.3399,16.5876,0.14121
wfa,female,1549,-0.3399,16.5936,0.14124
wfa,female,1550,-0.3399,16.5995,0.14126
wfa,female,1551,-0.34,16.6055,0.14129
wfa,female,1552,-0.34,16.6114,0.14132
wfa,female,1553,-0.3401,16.6174,0.14134
wfa,female,1554,-0.3401,16.6233,0.14137
wfa,female,1555,-0.3402,16.6293,0.1414
wfa,female,1556,-0.3402,16.6352,0.14142
wfa,female,1557,-0.3402,16.6412,0.14145
wfa,female,1558,-0.3403,16.6471,0.14148
wfa,female,1559,-0.3403,16.653,0.1415
wfa,female,1560,-0.3404,16.659,0.14153
wfa,female,1561,-0.3404,16.6649,0.14156
wfa,female,1562,-0.3405,16.6709,0.14158
wfa,female,1563,-0.3405,16.6768,0.14161
wfa,female,1564,-0.3405,16.6828,0.14164
wfa,female,1565,-0.3406,16.6887,0.14166
wfa,female,1566,-0.3406,16.6947,0.14169
wfa,female,1567,-0.3407,16.7006,0.14172
wfa,female,1568,-0.3407,16.7065,0.14174
wfa,female,1569,-0.3408,16.7125,0.14177
wfa,female,1570,-0.3408,16.7184,0.14179
wfa,female,1571,-0.3408,16.7244,0.14182
wfa,female,1572,-0.3409,16.7303,0.14185
wfa,female,1573,-0.3409,16.7363,0.14187
wfa,female,1574,-0.341,16.7422,0.1419
wfa,female,1575,-0.341,16.7481,0.14193
wfa,female,1576,-0.3411,16.7541,0.14195
wfa,female,1577,-0.3411,16.76,0.14198
wfa,female,1578,-0.3412,16.766,0.14201
wfa,female,1579,-0.3412,16.7719,0.14203
wfa,female,1580,-0.3412,16.7778,0.14206
wfa,female,1581,-0.3413,16.7838,0.14209
wfa,female,1582,-0.3413,16.7897,0.14211
wfa,female,1583,-0.3414,16.7957,0.14214
wfa,female,1584,-0.3414,16.8016,0.14216
wfa,female,1585,-0.3415,16.8075,0.14219
wfa,female,1586,-0.3415,16.8135,0.14222
wfa,female,1587,-0.3415,16.8194,0.14224
wfa,female,1588,-0.3416,16.8254,0.14227
wfa,female,1589,-0.3416,16.8313,0.1423
wfa,female,1590,-0.3417,16.8372,0.14232
wfa,female,1591,-0.3417,16.8432,0.14235
wfa,female,1592,-0.3418,16.8491,0.14237
wfa,female,1593,-0.3418,16.855,0.1424
wfa,female,1594,-0.3418,16.861,0.14243
wfa,female,1595,-0.3419,16.8669,0.14245
wfa,female,1596,-0.3419,16.8729,0.14248
wfa,female,1597,-0.342,16.8788,0.14251
wfa,female,1598,-0.342,16.8847,0.14253
wfa,female,1599,-0.3421,16.8907,0.14256
wfa,female,1600,-0.3421,16.8966,0.14258
wfa,female,1601,-0.3421,16.9025,0.14261
wfa,female,1602,-0.3422,16.9085,0.14264
wfa,female,1603,-0.3422,16.9144,0.14266
wfa,female,1604,-0.3423,16.9203,0.14269
wfa,female,1605,-0.3423,16.9263,0.14271
wfa,female,1606,-0.3424,16.9322,0.14274
wfa,female,1607,-0.3424,16.9381,0.14277
wfa,female,1608,-0.3425,16.9441,0.14279
wfa,female,1609,-0.3425,16.95,0.14282
wfa,female,1610,-0.3425,16.9559,0.14284
wfa,female,1611,-0.3426,16.9619,0.14287
wfa,female,1612,-0.3426,16.9678,0.1429
wfa,female,1613,-0.3427,16.9737,0.14292
wfa,female,1614,-0.3427,16.9796,0.14295
wfa,female,1615,-0.3428,16.9856,0.14297
wfa,female,1616,-0.3428,16.9915,0.143
wfa,female,1617,-0.3428,16.9974,0.14303
wfa,female,1618,-0.3429,17.0034,0.14305
wfa,female,1619,-0.3429,17.0093,0.14308
wfa,female,1620,-0.343,17.0152,0.1431
wfa,female,1621,-0.343,17.0211,0.14313
wfa,female,1622,-0.3431,17.0271,0.14315
wfa,female,1623,-0.3431,17.033,0.14318
wfa,female,1624,-0.3431,17.0389,0.14321
wfa,female,1625,-0.3432,17.0448,0.14323
wfa,female,1626,-0.3432,17.0508,0.14326
wfa,female,1627,-0.3433,17.0567,0.14328
wfa,female,1628,-0.3433,17.0626,0.14331
wfa,female,1629,-0.3434,17.0685,0.14334
wfa,female,1630,-0.3434,17.0744,0.14336
wfa,female,1631,-0.3434,17.0804,0.14339
wfa,female,1632,-0.3435,17.0863,0.14341
wfa,female,1633,-0.3435,17.0922,0.14344
wfa,female,1634,-0.3436,17.0981,0.14346
wfa,female,1635,-0.3436,17.104,0.14349
wfa,female,1636,-0.3437,17.11,0.14352
wfa,female,1637,-0.3437,17.1159,0.14354
wfa,female,1638,-0.3438,17.1218,0.14357
wfa,female,1639,-0.3438,17.1277,0.14359
wfa,female,1640,-0.3438,17.1336,0.14362
wfa,female,1641,-0.3439,17.1395,0.14364
wfa,female,1642,-0.3439,17.1455,0.14367
wfa,female,1643,-0.344,17.1514,0.14369
wfa,female,1644,-0.344,17.1573,0.14372
wfa,female,1645,-0.3441,17.1632,0.14375
wfa,female,1646,-0.3441,17.1691,0.14377
wfa,female,1647,-0.3441,17.175,0.1438
wfa,female,1648,-0.3442,17.1809,0.14382
wfa,female,1649,-0.3442,17.1868,0.14385
wfa,female,1650,-0.3443,17.1927,0.14387
wfa,female,1651,-0.3443,17.1987,0.1439
wfa,female,1652,-0.3444,17.2046,0.14392
wfa,female,1653,-0.3444,17.2105,0.14395
wfa,female,1654,-0.3444,17.2164,0.14398
wfa,female,1655,-0.3445,17.2223,0.144
wfa,female,1656,-0.3445,17.2282,0.14403
wfa,female,1657,-0.3446,17.2341,0.14405
wfa,female,1658,-0.3446,17.24,0.14408
wfa,female,1659,-0.3447,17.2459,0.1441
wfa,female,1660,-0.3447,17.2518,0.14413
wfa,female,1661,-0.3448,17.2577,0.14415
wfa,female,1662,-0.3448,17.2636,0.14418
wfa,female,1663,-0.3448,17.2695,0.1442
wfa,female,1664,-0.3449,17.2754,0.14423
wfa,female,1665,-0.3449,17.2813,0.14426
wfa,female,1666,-0.345,17.2872,0.14428
wfa,female,1667,-0.345,17.2931,0.14431
wfa,female,1668,-0.3451,17.299,0.14433
wfa,female,1669,-0.3451,17.3049,0.14436
wfa,female,1670,-0.3451,17.3108,0.14438
wfa,female,1671,-0.3452,17.3167,0.14441
wfa,female,1672,-0.3452,17.3226,0.14443
wfa,female,1673,-0.3453,17.3285,0.14446
wfa,female,1674,-0.3453,17.3344,0.14448
wfa,female,1675,-0.3454,17.3402,0.14451
wfa,female,1676,-0.3454,17.3461,0.14453
wfa,female,1677,-0.3454,17.352,0.14456
wfa,female,1678,-0.3455,17.3579,0.14458
wfa,female,1679,-0.3455,17.3638,0.14461
wfa,female,1680,-0.3456,17.3697,0.14463
wfa,female,1681,-0.3456,17.3756,0.14466
wfa,female,1682,-0.3457,17.3815,0.14468
wfa,female,1683,-0.3457,17.3873,0.14471
wfa,female,1684,-0.3457,17.3932,0.14473
wfa,female,1685,-0.3458,17.3991,0.14476
wfa,female,1686,-0.3458,17.405,0.14479
wfa,female,1687,-0.3459,17.4109,0.14481
wfa,female,1688,-0.3459,17.4167,0.14484
wfa,female,1689,-0.346,17.4226,0.14486
wfa,female,1690,-0.346,17.4285,0.14489
wfa,female,1691,-0.346,17.4344,0.14491
wfa,female,1692,-0.3461,17.4403,0.14494
wfa,female,1693,-0.3461,17.4461,0.14496
wfa,female,1694,-0.3462,17.452,0.14499
wfa,female,1695,-0.3462,17.4579,0.14501
wfa,female,1696,-0.3463,17.4637,0.14504
wfa,female,1697,-0.3463,17.4696,0.14506
wfa,female,1698,-0.3463,17.4755,0.14509
wfa,female,1699,-0.3464,17.4814,0.14511
wfa,female,1700,-0.3464,17.4872,0.14514
wfa,female,1701,-0.3465,17.4931,0.14516
wfa,female,1702,-0.3465,17.499,0.14519
wfa,female,1703,-0.3466,17.5048,0.14521
wfa,female,1704,-0.3466,17.5107,0.14524
wfa,female,1705,-0.3467,17.5166,0.14526
wfa,female,1706,-0.3467,17.5224,0.14529
wfa,female,1707,-0.3467,17.5283,0.14531
wfa,female,1708,-0.3468,17.5341,0.14534
wfa,female,1709,-0.3468,17.54,0.14536
wfa,female,1710,-0.3469,17.5459,0.14539
wfa,female,1711,-0.3469,17.5517,0.14541
wfa,female,1712,-0.347,17.5576,0.14544
wfa,female,1713,-0.347,17.5634,0.14546
wfa,female,1714,-0.347,17.5693,0.14549
wfa,female,1715,-0.3471,17.5751,0.14551
wfa,female,1716,-0.3471,17.581,0.14553
wfa,female,1717,-0.3472,17.5868,0.14556
wfa,female,1718,-0.3472,17.5927,0.14558
wfa,female,1719,-0.3473,17.5985,0.14561
wfa,female,1720,-0.3473,17.6044,0.14563
wfa,female,1721,-0.3473,17.6102,0.14566
wfa,female,1722,-0.3474,17.6161,0.14568
wfa,female,1723,-0.3474,17.6219,0.14571
wfa,female,1724,-0.3475,17.6278,0.14573
wfa,female,1725,-0.3475,17.6336,0.14576
wfa,female,1726,-0.3476,17.6394,0.14578
wfa,female,1727,-0.3476,17.6453,0.14581
wfa,female,1728,-0.3476,17.6511,0.14583
wfa,female,1729,-0.3477,17.657,0.14586
wfa,female,1730,-0.3477,17.6628,0.14588
wfa,female,1731,-0.3478,17.6686,0.14591
wfa,female,1732,-0.3478,17.6745,0.14593
wfa,female,1733,-0.3479,17.6803,0.14596
wfa,female,1734,-0.3479,17.6861,0.14598
wfa,female,1735,-0.3479,17.692,0.146
wfa,female,1736,-0.348,17.6978,0.14603
wfa,female,1737,-0.348,17.7036,0.14605
wfa,female,1738,-0.3481,17.7095,0.14608
wfa,female,1739,-0.3481,17.7153,0.1461
wfa,female,1740,-0.3482,17.7211,0.14613
wfa,female,1741,-0.3482,17.7269,0.14615
wfa,female,1742,-0.3482,17.7328,0.14618
wfa,female,1743,-0.3483,17.7386,0.1462
wfa,female,1744,-0.3483,17.7444,0.14623
wfa,female,1745,-0.3484,17.7502,0.14625
wfa,female,1746,-0.3484,17.7561,0.14628
wfa,female,1747,-0.3485,17.7619,0.1463
wfa,female,1748,-0.3485,17.7677,0.14632
wfa,female,1749,-0.3485,17.7735,0.14635
wfa,female,1750,-0.3486,17.7793,0.14637
wfa,female,1751,-0.3486,17.7851,0.1464
wfa,female,1752,-0.3487,17.791,0.14642
wfa,female,1753,-0.3487,17.7968,0.14645
wfa,female,1754,-0.3488,17.8026,0.14647
wfa,female,1755,-0.3488,17.8084,0.1465
wfa,female,1756,-0.3488,17.8142,0.14652
wfa,female,1757,-0.3489,17.82,0.14654
wfa,female,1758,-0.3489,17.8258,0.14657
wfa,female,1759,-0.349,17.8316,0.14659
wfa,female,1760,-0.349,17.8374,0.14662
wfa,female,1761,-0.3491,17.8432,0.14664
wfa,female,1762,-0.3491,17.849,0.14667
wfa,female,1763,-0.3491,17.8548,0.14669
wfa,female,1764,-0.3492,17.8606,0.14672
wfa,female,1765,-0.3492,17.8664,0.14674
wfa,female,1766,-0.3493,17.8722,0.14676
wfa,female,1767,-0.3493,17.878,0.14679
wfa,female,1768,-0.3493,17.8838,0.14681
wfa,female,1769,-0.3494,17.8896,0.14684
wfa,female,1770,-0.3494,17.8954,0.14686
wfa,female,1771,-0.3495,17.9012,0.14689
wfa,female,1772,-0.3495,17.907,0.14691
wfa,female,1773,-0.3496,17.9128,0.14693
wfa,female,1774,-0.3496,17.9186,0.14696
wfa,female,1775,-0.3496,17.9243,0.14698
wfa,female,1776,-0.3497,17.9301,0.14701
wfa,female,1777,-0.3497,17.9359,0.14703
wfa,female,1778,-0.3498,17.9417,0.14706
wfa,female,1779,-0.3498,17.9475,0.14708
wfa,female,1780,-0.3499,17.9533,0.1471
wfa,female,1781,-0.3499,17.959,0.14713
wfa,female,1782,-0.3499,17.9648,0.14715
wfa,female,1783,-0.35,17.9706,0.14718
wfa,female,1784,-0.35,17.9764,0.1472
wfa,female,1785,-0.3501,17.9821,0.14722
wfa,female,1786,-0.3501,17.9879,0.14725
wfa,female,1787,-0.3502,17.9937,0.14727
wfa,female,1788,-0.3502,17.9995,0.1473
wfa,female,1789,-0.3502,18.0052,0.14732
wfa,female,1790,-0.3503,18.011,0.14735
wfa,female,1791,-0.3503,18.0168,0.14737
wfa,female,1792,-0.3504,18.0225,0.14739
wfa,female,1793,-0.3504,18.0283,0.14742
wfa,female,1794,-0.3505,18.0341,0.14744
wfa,female,1795,-0.3505,18.0398,0.14747
wfa,female,1796,-0.3505,18.0456,0.14749
wfa,female,1797,-0.3506,18.0513,0.14751
wfa,female,1798,-0.3506,18.0571,0.14754
wfa,female,1799,-0.3507,18.0629,0.14756
wfa,female,1800,-0.3507,18.0686,0.14759
wfa,female,1801,-0.3507,18.0744,0.14761
wfa,female,1802,-0.3508,18.0801,0.14763
wfa,female,1803,-0.3508,18.0859,0.14766
wfa,female,1804,-0.3509,18.0916,0.14768
wfa,female,1805,-0.3509,18.0974,0.14771
wfa,female,1806,-0.351,18.1031,0.14773
wfa,female,1807,-0.351,18.1089,0.14775
wfa,female,1808,-0.351,18.1146,0.14778
wfa,female,1809,-0.3511,18.1204,0.1478
wfa,female,1810,-0.3511,18.1261,0.14783
wfa,female,1811,-0.3512,18.1319,0.14785
wfa,female,1812,-0.3512,18.1376,0.14787
wfa,female,1813,-0.3513,18.1434,0.1479
wfa,female,1814,-0.3513,18.1491,0.14792
wfa,female,1815,-0.3513,18.1548,0.14794
wfa,female,1816,-0.3514,18.1606,0.14797
wfa,female,1817,-0.3514,18.1663,0.14799
wfa,female,1818,-0.3515,18.172,0.14802
wfa,female,1819,-0.3515,18.1778,0.14804
wfa,female,1820,-0.3515,18.1835,0.14806
wfa,female,1821,-0.3516,18.1892,0.14809
wfa,female,1822,-0.3516,18.195,0.14811
wfa,female,1823,-0.3517,18.2007,0.14814
wfa,female,1824,-0.3517,18.2064,0.14816
wfa,female,1825,-0.3518,18.2122,0.14818
wfa,female,1826,-0.3518,18.2179,0.14821
wfa,female,1827,-0.3518,18.2236,0.14823
wfa,female,1828,-0.3519,18.2293,0.14825
wfa,female,1829,-0.3519,18.235,0.14828
wfa,female,1830,-0.352,18.2408,0.1483
wfa,female,1831,-0.352,18.2465,0.14833
wfa,female,1832,-0.352,18.2522,0.14835
wfa,female,1833,-0.3521,18.2579,0.14837
wfa,female,1834,-0.3521,18.2636,0.1484
wfa,female,1835,-0.3522,18.2693,0.14842
wfa,female,1836,-0.3522,18.2751,0.14844
wfa,female,1837,-0.3523,18.2808,0.14847
wfa,female,1838,-0.3523,18.2865,0.14849
wfa,female,1839,-0.3523,18.2922,0.14852
wfa,female,1840,-0.3524,18.2979,0.14854
wfa,female,1841,-0.3524,18.3036,0.14856
wfa,female,1842,-0.3525,18.3093,0.14859
wfa,female,1843,-0.3525,18.315,0.14861
wfa,female,1844,-0.3526,18.3207,0.14863
wfa,female,1845,-0.3526,18.3264,0.14866
wfa,female,1846,-0.3526,18.3321,0.14868
wfa,female,1847,-0.3527,18.3378,0.14871
wfa,female,1848,-0.3527,18.3435,0.14873
wfa,female,1849,-0.3528,18.3492,0.14875
wfa,female,1850,-0.3528,18.3549,0.14878
wfa,female,1851,-0.3528,18.3606,0.1488
wfa,female,1852,-0.3529,18.3663,0.14882
wfa,female,1853,-0.3529,18.372,0.14885
wfa,female,1854,-0.353,18.3777,0.14887
wfa,female,1855,-0.353,18.3834,0.14889
wfa,female,1856,-0.3531,18.389,0.14892
